{
  "run_name": "NORMALIZATION+SNV FULL_SPECTRUM ALL_SPECTRA",
  "concept": "WEIGHTS__BOX12_ALL",
  "preprocessing": "NORMALIZATION+SNV",
  "spectrum_mode": "FULL_SPECTRUM",
  "spectral_window": "FULL_SPECTRUM",
  "plot_type": "ALL_SPECTRA",
  "question_id": "Q3A",
  "primary_question_id": "Q3A",
  "related_questions": "Q3A, Q3B, Q4",
  "pc1_var": 0.7644567789370266,
  "pc2_var": 0.13917261565859998,
  "n_box12_dm1": 387,
  "n_box3_dm1": 99,
  "n_controls": 54,
  "rho_pc1": 0.6033744509490793,
  "rho_pc2": 0.22584157935297974,
  "grad_score": 0.6033744509490793,
  "cv_r2_pc12_to_si": 0.37082496568200307,
  "centroid_dist_box3_to_box12dm1": 15.730784494920725,
  "mahalanobis_centroid_box3_to_box12dm1": 0.7878521363279927,
  "mahalanobis_mean_box3_to_box12dm1": 1.164235653000497,
  "mahalanobis_median_box3_to_box12dm1": 1.070287707536915,
  "mahalanobis_max_box3_to_box12dm1": 3.28203275916184,
  "frac_box3_inside_dm1_95ellipse": 0.9696969696969697,
  "frac_box3_inside_dm1_hull": 0.8888888888888888,
  "mean_nn_dist_box3_to_box12dm1": 1.1294501514850563,
  "frac_box12dm1_inside_own_95ellipse": 0.9509043927648578,
  "hol_bhattacharyya_dm1_vs_ctrl": 1.6714952308957862,
  "hol_fisher_separation_dm1_vs_ctrl": 1.3122765118526978,
  "hol_centroid_dist_dm1_vs_ctrl": 20.548332533739316,
  "hol_silhouette_dm1_vs_ctrl": -0.004108960609615862,
  "hol_frac_controls_outside_dm1_95ellipse": 0.0,
  "cln_bhattacharyya_dm1_vs_ctrl": 1.6714952308957862,
  "cln_fisher_separation_dm1_vs_ctrl": 1.3122765118526978,
  "cln_centroid_dist_dm1_vs_ctrl": 23.222752738764157,
  "cln_silhouette_dm1_vs_ctrl": 0.046271505080210856,
  "cln_frac_controls_outside_dm1_95ellipse": 0.0,
  "align_centroid_dist_box3_to_box12dm1": 15.730784494920725,
  "align_mahalanobis_centroid_box3_to_box12dm1": 0.7878521363279927,
  "align_mahalanobis_mean_box3_to_box12dm1": 1.164235653000497,
  "align_mahalanobis_median_box3_to_box12dm1": 1.070287707536915,
  "align_mahalanobis_max_box3_to_box12dm1": 3.28203275916184,
  "align_frac_box3_inside_dm1_95ellipse": 0.9696969696969697,
  "align_frac_box3_inside_dm1_hull": 0.8888888888888888,
  "align_mean_nn_dist_box3_to_box12dm1": 1.1294501514850563,
  "align_frac_box12dm1_inside_own_95ellipse": 0.9509043927648578
}