{
  "run_name": "SNV TRIM_500_3100 ALL_SPECTRA",
  "concept": "WEIGHTS__BOX12_ALL",
  "preprocessing": "SNV",
  "spectrum_mode": "TRIM_500_3100",
  "spectral_window": "TRIM_500_3100",
  "plot_type": "ALL_SPECTRA",
  "question_id": "Q3B",
  "primary_question_id": "Q3A",
  "related_questions": "Q3A, Q3B, Q4",
  "pc1_var": 0.6912400266915228,
  "pc2_var": 0.16310201135105115,
  "n_box12_dm1": 387,
  "n_box3_dm1": 99,
  "n_controls": 54,
  "rho_pc1": 0.31071298505084727,
  "rho_pc2": 0.20058734747775958,
  "grad_score": 0.31071298505084727,
  "cv_r2_pc12_to_si": 0.10591767726779455,
  "centroid_dist_box3_to_box12dm1": 4.0271430156678765,
  "mahalanobis_centroid_box3_to_box12dm1": 0.3753754525385314,
  "mahalanobis_mean_box3_to_box12dm1": 0.8315829060631704,
  "mahalanobis_median_box3_to_box12dm1": 0.6083282127084959,
  "mahalanobis_max_box3_to_box12dm1": 3.126196243113551,
  "frac_box3_inside_dm1_95ellipse": 0.9797979797979798,
  "frac_box3_inside_dm1_hull": 0.8585858585858586,
  "mean_nn_dist_box3_to_box12dm1": 0.4258706085453716,
  "frac_box12dm1_inside_own_95ellipse": 0.937984496124031,
  "hol_bhattacharyya_dm1_vs_ctrl": 1.7108982381965392,
  "hol_fisher_separation_dm1_vs_ctrl": 0.7619916460618884,
  "hol_centroid_dist_dm1_vs_ctrl": 10.059461459606528,
  "hol_silhouette_dm1_vs_ctrl": 0.08827730078451507,
  "hol_frac_controls_outside_dm1_95ellipse": 0.14814814814814814,
  "cln_bhattacharyya_dm1_vs_ctrl": 1.7108982381965392,
  "cln_fisher_separation_dm1_vs_ctrl": 0.7619916460618884,
  "cln_centroid_dist_dm1_vs_ctrl": 10.539447110253654,
  "cln_silhouette_dm1_vs_ctrl": 0.07692543636771275,
  "cln_frac_controls_outside_dm1_95ellipse": 0.14814814814814814,
  "align_centroid_dist_box3_to_box12dm1": 4.0271430156678765,
  "align_mahalanobis_centroid_box3_to_box12dm1": 0.3753754525385314,
  "align_mahalanobis_mean_box3_to_box12dm1": 0.8315829060631704,
  "align_mahalanobis_median_box3_to_box12dm1": 0.6083282127084959,
  "align_mahalanobis_max_box3_to_box12dm1": 3.126196243113551,
  "align_frac_box3_inside_dm1_95ellipse": 0.9797979797979798,
  "align_frac_box3_inside_dm1_hull": 0.8585858585858586,
  "align_mean_nn_dist_box3_to_box12dm1": 0.4258706085453716,
  "align_frac_box12dm1_inside_own_95ellipse": 0.937984496124031
}