{
  "run_name": "SNV+SECOND DERIVATIVE FULL_SPECTRUM ALL_SPECTRA",
  "concept": "WEIGHTS__BOX12_ALL",
  "preprocessing": "SNV+SECOND DERIVATIVE",
  "spectrum_mode": "FULL_SPECTRUM",
  "spectral_window": "FULL_SPECTRUM",
  "plot_type": "ALL_SPECTRA",
  "question_id": "Q3A",
  "primary_question_id": "Q3A",
  "related_questions": "Q3A, Q3B, Q4",
  "pc1_var": 0.24213667988608492,
  "pc2_var": 0.009179895498048228,
  "n_box12_dm1": 387,
  "n_box3_dm1": 99,
  "n_controls": 54,
  "rho_pc1": 0.07475703736638363,
  "rho_pc2": -0.03166099264840668,
  "grad_score": 0.07475703736638363,
  "cv_r2_pc12_to_si": 0.026578663166005878,
  "centroid_dist_box3_to_box12dm1": 0.22315307999136988,
  "mahalanobis_centroid_box3_to_box12dm1": 0.26733738576296434,
  "mahalanobis_mean_box3_to_box12dm1": 0.47685143361961607,
  "mahalanobis_median_box3_to_box12dm1": 0.3769238297348365,
  "mahalanobis_max_box3_to_box12dm1": 1.806069916565523,
  "frac_box3_inside_dm1_95ellipse": 1.0,
  "frac_box3_inside_dm1_hull": 0.9696969696969697,
  "mean_nn_dist_box3_to_box12dm1": 0.018502391419301385,
  "frac_box12dm1_inside_own_95ellipse": 0.9354005167958657,
  "hol_bhattacharyya_dm1_vs_ctrl": 1.1502314462868741,
  "hol_fisher_separation_dm1_vs_ctrl": 0.15116366785180887,
  "hol_centroid_dist_dm1_vs_ctrl": 0.3637533400566117,
  "hol_silhouette_dm1_vs_ctrl": -0.08248059935871732,
  "hol_frac_controls_outside_dm1_95ellipse": 0.0,
  "cln_bhattacharyya_dm1_vs_ctrl": 1.1502314462868741,
  "cln_fisher_separation_dm1_vs_ctrl": 0.15116366785180887,
  "cln_centroid_dist_dm1_vs_ctrl": 0.31842501112322946,
  "cln_silhouette_dm1_vs_ctrl": -0.09290550735098399,
  "cln_frac_controls_outside_dm1_95ellipse": 0.0,
  "align_centroid_dist_box3_to_box12dm1": 0.22315307999136988,
  "align_mahalanobis_centroid_box3_to_box12dm1": 0.26733738576296434,
  "align_mahalanobis_mean_box3_to_box12dm1": 0.47685143361961607,
  "align_mahalanobis_median_box3_to_box12dm1": 0.3769238297348365,
  "align_mahalanobis_max_box3_to_box12dm1": 1.806069916565523,
  "align_frac_box3_inside_dm1_95ellipse": 1.0,
  "align_frac_box3_inside_dm1_hull": 0.9696969696969697,
  "align_mean_nn_dist_box3_to_box12dm1": 0.018502391419301385,
  "align_frac_box12dm1_inside_own_95ellipse": 0.9354005167958657
}