{
  "run_name": "NORMALIZATION+SNV TRIM_500_3100 ALL_SPECTRA",
  "concept": "WEIGHTS__BOX12_ALL",
  "preprocessing": "NORMALIZATION+SNV",
  "spectrum_mode": "TRIM_500_3100",
  "spectral_window": "TRIM_500_3100",
  "plot_type": "ALL_SPECTRA",
  "question_id": "Q4",
  "primary_question_id": "Q3A",
  "related_questions": "Q3A, Q3B, Q4",
  "pc1_var": 0.6912400267149499,
  "pc2_var": 0.16310201135487895,
  "n_box12_dm1": 387,
  "n_box3_dm1": 99,
  "n_controls": 54,
  "rho_pc1": 0.31071298505084727,
  "rho_pc2": 0.20058734747775958,
  "grad_score": 0.31071298505084727,
  "cv_r2_pc12_to_si": 0.10591767736665247,
  "centroid_dist_box3_to_box12dm1": 4.027143015629121,
  "mahalanobis_centroid_box3_to_box12dm1": 0.37537545266955763,
  "mahalanobis_mean_box3_to_box12dm1": 0.8315829061452517,
  "mahalanobis_median_box3_to_box12dm1": 0.6083282129802147,
  "mahalanobis_max_box3_to_box12dm1": 3.126196243362382,
  "frac_box3_inside_dm1_95ellipse": 0.9797979797979798,
  "frac_box3_inside_dm1_hull": 0.8585858585858586,
  "mean_nn_dist_box3_to_box12dm1": 0.4258706087571438,
  "frac_box12dm1_inside_own_95ellipse": 0.937984496124031,
  "hol_bhattacharyya_dm1_vs_ctrl": 1.7108982379804998,
  "hol_fisher_separation_dm1_vs_ctrl": 0.7619916460676855,
  "hol_centroid_dist_dm1_vs_ctrl": 10.059461457767766,
  "hol_silhouette_dm1_vs_ctrl": 0.08827730074784351,
  "hol_frac_controls_outside_dm1_95ellipse": 0.14814814814814814,
  "cln_bhattacharyya_dm1_vs_ctrl": 1.7108982379804998,
  "cln_fisher_separation_dm1_vs_ctrl": 0.7619916460676855,
  "cln_centroid_dist_dm1_vs_ctrl": 10.539447108297665,
  "cln_silhouette_dm1_vs_ctrl": 0.07692543632799974,
  "cln_frac_controls_outside_dm1_95ellipse": 0.14814814814814814,
  "align_centroid_dist_box3_to_box12dm1": 4.027143015629121,
  "align_mahalanobis_centroid_box3_to_box12dm1": 0.37537545266955763,
  "align_mahalanobis_mean_box3_to_box12dm1": 0.8315829061452517,
  "align_mahalanobis_median_box3_to_box12dm1": 0.6083282129802147,
  "align_mahalanobis_max_box3_to_box12dm1": 3.126196243362382,
  "align_frac_box3_inside_dm1_95ellipse": 0.9797979797979798,
  "align_frac_box3_inside_dm1_hull": 0.8585858585858586,
  "align_mean_nn_dist_box3_to_box12dm1": 0.4258706087571438,
  "align_frac_box12dm1_inside_own_95ellipse": 0.937984496124031
}