{
  "run_name": "NORMALIZATION+EMSC TRIM_500_3100 ALL_SPECTRA",
  "concept": "WEIGHTS__BOX12_ALL",
  "preprocessing": "NORMALIZATION+EMSC",
  "spectrum_mode": "TRIM_500_3100",
  "spectral_window": "TRIM_500_3100",
  "plot_type": "ALL_SPECTRA",
  "question_id": "Q4",
  "primary_question_id": "Q3A",
  "related_questions": "Q3A, Q3B, Q4",
  "pc1_var": 0.8059998233637012,
  "pc2_var": 0.1373161311537511,
  "n_box12_dm1": 387,
  "n_box3_dm1": 99,
  "n_controls": 54,
  "rho_pc1": 0.6232844340210623,
  "rho_pc2": 0.4263991019333372,
  "grad_score": 0.6232844340210623,
  "cv_r2_pc12_to_si": 0.3920386806283267,
  "centroid_dist_box3_to_box12dm1": 0.06533257207204429,
  "mahalanobis_centroid_box3_to_box12dm1": 0.6329040268366962,
  "mahalanobis_mean_box3_to_box12dm1": 1.2053433753038607,
  "mahalanobis_median_box3_to_box12dm1": 1.1659345469226217,
  "mahalanobis_max_box3_to_box12dm1": 3.399416831534516,
  "frac_box3_inside_dm1_95ellipse": 0.9797979797979798,
  "frac_box3_inside_dm1_hull": 0.98989898989899,
  "mean_nn_dist_box3_to_box12dm1": 0.007208782901094594,
  "frac_box12dm1_inside_own_95ellipse": 0.9328165374677002,
  "hol_bhattacharyya_dm1_vs_ctrl": 1.125323712564493,
  "hol_fisher_separation_dm1_vs_ctrl": 1.3275274583759846,
  "hol_centroid_dist_dm1_vs_ctrl": 0.11442706747795237,
  "hol_silhouette_dm1_vs_ctrl": 0.07191983943366682,
  "hol_frac_controls_outside_dm1_95ellipse": 0.2592592592592593,
  "cln_bhattacharyya_dm1_vs_ctrl": 1.125323712564493,
  "cln_fisher_separation_dm1_vs_ctrl": 1.3275274583759846,
  "cln_centroid_dist_dm1_vs_ctrl": 0.1243376367907538,
  "cln_silhouette_dm1_vs_ctrl": 0.10843921522521499,
  "cln_frac_controls_outside_dm1_95ellipse": 0.2592592592592593,
  "align_centroid_dist_box3_to_box12dm1": 0.06533257207204429,
  "align_mahalanobis_centroid_box3_to_box12dm1": 0.6329040268366962,
  "align_mahalanobis_mean_box3_to_box12dm1": 1.2053433753038607,
  "align_mahalanobis_median_box3_to_box12dm1": 1.1659345469226217,
  "align_mahalanobis_max_box3_to_box12dm1": 3.399416831534516,
  "align_frac_box3_inside_dm1_95ellipse": 0.9797979797979798,
  "align_frac_box3_inside_dm1_hull": 0.98989898989899,
  "align_mean_nn_dist_box3_to_box12dm1": 0.007208782901094594,
  "align_frac_box12dm1_inside_own_95ellipse": 0.9328165374677002
}