{
  "run_name": "NORMALIZATION+SNV+SECOND DERIVATIVE TRIM_700_2800 ALL_SPECTRA",
  "concept": "WEIGHTS__BOX12_DM1_ONLY",
  "preprocessing": "NORMALIZATION+SNV+SECOND DERIVATIVE",
  "spectrum_mode": "TRIM_700_2800",
  "spectral_window": "TRIM_700_2800",
  "plot_type": "ALL_SPECTRA",
  "question_id": "Q5",
  "primary_question_id": "Q2",
  "related_questions": "Q2, Q5, Q6",
  "pc1_var": 0.20900332866440197,
  "pc2_var": 0.0707674649240042,
  "n_box12_dm1": 387,
  "n_box3_dm1": 99,
  "n_controls": 54,
  "rho_pc1": -0.21257788826144375,
  "rho_pc2": 0.28937047487552003,
  "grad_score": 0.28937047487552003,
  "cv_r2_pc12_to_si": 0.007424777576624297,
  "centroid_dist_box3_to_box12dm1": 0.060193781638111434,
  "mahalanobis_centroid_box3_to_box12dm1": 0.08129305246803699,
  "mahalanobis_mean_box3_to_box12dm1": 0.29991758959262027,
  "mahalanobis_median_box3_to_box12dm1": 0.15887013171743575,
  "mahalanobis_max_box3_to_box12dm1": 1.6793499615242036,
  "frac_box3_inside_dm1_95ellipse": 1.0,
  "frac_box3_inside_dm1_hull": 0.9696969696969697,
  "mean_nn_dist_box3_to_box12dm1": 0.019109177723264297,
  "frac_box12dm1_inside_own_95ellipse": 0.9741602067183462,
  "hol_bhattacharyya_dm1_vs_ctrl": 1.9143195961874393,
  "hol_fisher_separation_dm1_vs_ctrl": 0.08268840662532996,
  "hol_centroid_dist_dm1_vs_ctrl": 0.26551667214123986,
  "hol_silhouette_dm1_vs_ctrl": -0.09341414351188211,
  "hol_frac_controls_outside_dm1_95ellipse": 0.0,
  "cln_bhattacharyya_dm1_vs_ctrl": 1.9143195961874393,
  "cln_fisher_separation_dm1_vs_ctrl": 0.08268840662532996,
  "cln_centroid_dist_dm1_vs_ctrl": 0.2567726978225817,
  "cln_silhouette_dm1_vs_ctrl": -0.08446270918983674,
  "cln_frac_controls_outside_dm1_95ellipse": 0.0,
  "align_centroid_dist_box3_to_box12dm1": 0.060193781638111434,
  "align_mahalanobis_centroid_box3_to_box12dm1": 0.08129305246803699,
  "align_mahalanobis_mean_box3_to_box12dm1": 0.29991758959262027,
  "align_mahalanobis_median_box3_to_box12dm1": 0.15887013171743575,
  "align_mahalanobis_max_box3_to_box12dm1": 1.6793499615242036,
  "align_frac_box3_inside_dm1_95ellipse": 1.0,
  "align_frac_box3_inside_dm1_hull": 0.9696969696969697,
  "align_mean_nn_dist_box3_to_box12dm1": 0.019109177723264297,
  "align_frac_box12dm1_inside_own_95ellipse": 0.9741602067183462
}