{
  "run_name": "NORMALIZATION+EMSC TRIM_700_2800 ALL_SPECTRA",
  "concept": "WEIGHTS__BOX12_DM1_ONLY",
  "preprocessing": "NORMALIZATION+EMSC",
  "spectrum_mode": "TRIM_700_2800",
  "spectral_window": "TRIM_700_2800",
  "plot_type": "ALL_SPECTRA",
  "question_id": "Q6",
  "primary_question_id": "Q2",
  "related_questions": "Q2, Q5, Q6",
  "pc1_var": 0.8355122657820447,
  "pc2_var": 0.09715313571351933,
  "n_box12_dm1": 387,
  "n_box3_dm1": 99,
  "n_controls": 54,
  "rho_pc1": 0.6094736424678068,
  "rho_pc2": 0.3224574704309642,
  "grad_score": 0.6094736424678068,
  "cv_r2_pc12_to_si": 0.3272962651821145,
  "centroid_dist_box3_to_box12dm1": 0.04536889685894802,
  "mahalanobis_centroid_box3_to_box12dm1": 0.5458344511177783,
  "mahalanobis_mean_box3_to_box12dm1": 1.1897396890633527,
  "mahalanobis_median_box3_to_box12dm1": 1.0733268419282929,
  "mahalanobis_max_box3_to_box12dm1": 3.8791706118661633,
  "frac_box3_inside_dm1_95ellipse": 0.9090909090909091,
  "frac_box3_inside_dm1_hull": 0.98989898989899,
  "mean_nn_dist_box3_to_box12dm1": 0.004952461042912908,
  "frac_box12dm1_inside_own_95ellipse": 0.9224806201550387,
  "hol_bhattacharyya_dm1_vs_ctrl": 1.0322252847801276,
  "hol_fisher_separation_dm1_vs_ctrl": 0.993609299472397,
  "hol_centroid_dist_dm1_vs_ctrl": 0.07950810826147388,
  "hol_silhouette_dm1_vs_ctrl": 0.013782428289944231,
  "hol_frac_controls_outside_dm1_95ellipse": 0.16666666666666663,
  "cln_bhattacharyya_dm1_vs_ctrl": 1.0322252847801276,
  "cln_fisher_separation_dm1_vs_ctrl": 0.993609299472397,
  "cln_centroid_dist_dm1_vs_ctrl": 0.08636352241973208,
  "cln_silhouette_dm1_vs_ctrl": 0.03975295146516297,
  "cln_frac_controls_outside_dm1_95ellipse": 0.16666666666666663,
  "align_centroid_dist_box3_to_box12dm1": 0.04536889685894802,
  "align_mahalanobis_centroid_box3_to_box12dm1": 0.5458344511177783,
  "align_mahalanobis_mean_box3_to_box12dm1": 1.1897396890633527,
  "align_mahalanobis_median_box3_to_box12dm1": 1.0733268419282929,
  "align_mahalanobis_max_box3_to_box12dm1": 3.8791706118661633,
  "align_frac_box3_inside_dm1_95ellipse": 0.9090909090909091,
  "align_frac_box3_inside_dm1_hull": 0.98989898989899,
  "align_mean_nn_dist_box3_to_box12dm1": 0.004952461042912908,
  "align_frac_box12dm1_inside_own_95ellipse": 0.9224806201550387
}