{
  "run_name": "NORMALIZATION+SNV+SECOND DERIVATIVE FULL_SPECTRUM ALL_SPECTRA",
  "concept": "WEIGHTS__BOX12_ALL",
  "preprocessing": "NORMALIZATION+SNV+SECOND DERIVATIVE",
  "spectrum_mode": "FULL_SPECTRUM",
  "spectral_window": "FULL_SPECTRUM",
  "plot_type": "ALL_SPECTRA",
  "question_id": "Q3B",
  "primary_question_id": "Q3A",
  "related_questions": "Q3A, Q3B, Q4",
  "pc1_var": 0.24213667988680113,
  "pc2_var": 0.009179895496650206,
  "n_box12_dm1": 387,
  "n_box3_dm1": 99,
  "n_controls": 54,
  "rho_pc1": 0.07475703736638363,
  "rho_pc2": -0.03166099264840668,
  "grad_score": 0.07475703736638363,
  "cv_r2_pc12_to_si": 0.026578663196188068,
  "centroid_dist_box3_to_box12dm1": 0.2231530800061191,
  "mahalanobis_centroid_box3_to_box12dm1": 0.2673373858276362,
  "mahalanobis_mean_box3_to_box12dm1": 0.47685143362264026,
  "mahalanobis_median_box3_to_box12dm1": 0.3769238298035516,
  "mahalanobis_max_box3_to_box12dm1": 1.806069915513272,
  "frac_box3_inside_dm1_95ellipse": 1.0,
  "frac_box3_inside_dm1_hull": 0.9696969696969697,
  "mean_nn_dist_box3_to_box12dm1": 0.01850239141432832,
  "frac_box12dm1_inside_own_95ellipse": 0.9354005167958657,
  "hol_bhattacharyya_dm1_vs_ctrl": 1.1502314461957601,
  "hol_fisher_separation_dm1_vs_ctrl": 0.15116366775669332,
  "hol_centroid_dist_dm1_vs_ctrl": 0.3637533399009725,
  "hol_silhouette_dm1_vs_ctrl": -0.08248059936037827,
  "hol_frac_controls_outside_dm1_95ellipse": 0.0,
  "cln_bhattacharyya_dm1_vs_ctrl": 1.1502314461957601,
  "cln_fisher_separation_dm1_vs_ctrl": 0.15116366775669332,
  "cln_centroid_dist_dm1_vs_ctrl": 0.31842501096465214,
  "cln_silhouette_dm1_vs_ctrl": -0.09290550736816396,
  "cln_frac_controls_outside_dm1_95ellipse": 0.0,
  "align_centroid_dist_box3_to_box12dm1": 0.2231530800061191,
  "align_mahalanobis_centroid_box3_to_box12dm1": 0.2673373858276362,
  "align_mahalanobis_mean_box3_to_box12dm1": 0.47685143362264026,
  "align_mahalanobis_median_box3_to_box12dm1": 0.3769238298035516,
  "align_mahalanobis_max_box3_to_box12dm1": 1.806069915513272,
  "align_frac_box3_inside_dm1_95ellipse": 1.0,
  "align_frac_box3_inside_dm1_hull": 0.9696969696969697,
  "align_mean_nn_dist_box3_to_box12dm1": 0.01850239141432832,
  "align_frac_box12dm1_inside_own_95ellipse": 0.9354005167958657
}