{
  "run_name": "SECOND DERIVATIVE FULL_SPECTRUM PATIENT_AVG",
  "concept": "WEIGHTS__BOX12_ALL",
  "preprocessing": "SECOND DERIVATIVE",
  "spectrum_mode": "FULL_SPECTRUM",
  "spectral_window": "FULL_SPECTRUM",
  "plot_type": "PATIENT_AVG",
  "question_id": "Q3A",
  "primary_question_id": "Q3A",
  "related_questions": "Q3A, Q3B, Q4",
  "pc1_var": 0.9747268756916005,
  "pc2_var": 0.003778452244561917,
  "n_box12_dm1": 43,
  "n_box3_dm1": 11,
  "n_controls": 6,
  "rho_pc1": -0.6278270759551643,
  "rho_pc2": 0.24579951073298772,
  "grad_score": 0.6278270759551643,
  "cv_r2_pc12_to_si": 0.4302565862539163,
  "centroid_dist_box3_to_box12dm1": 1373.6487738105802,
  "mahalanobis_centroid_box3_to_box12dm1": 0.6366620180498538,
  "mahalanobis_mean_box3_to_box12dm1": 1.0386746100974518,
  "mahalanobis_median_box3_to_box12dm1": 1.10627442345979,
  "mahalanobis_max_box3_to_box12dm1": 1.9897845434123456,
  "frac_box3_inside_dm1_95ellipse": 1.0,
  "frac_box3_inside_dm1_hull": 1.0,
  "mean_nn_dist_box3_to_box12dm1": 128.90401324160106,
  "frac_box12dm1_inside_own_95ellipse": 0.9534883720930233,
  "hol_bhattacharyya_dm1_vs_ctrl": 0.5976789993138315,
  "hol_fisher_separation_dm1_vs_ctrl": 2.170037164921586,
  "hol_centroid_dist_dm1_vs_ctrl": 2946.6349977895297,
  "hol_silhouette_dm1_vs_ctrl": 0.17090256209398033,
  "hol_frac_controls_outside_dm1_95ellipse": 0.33333333333333337,
  "cln_bhattacharyya_dm1_vs_ctrl": 0.5976789993138315,
  "cln_fisher_separation_dm1_vs_ctrl": 2.170037164921586,
  "cln_centroid_dist_dm1_vs_ctrl": 3226.0572326876595,
  "cln_silhouette_dm1_vs_ctrl": 0.20767839764680987,
  "cln_frac_controls_outside_dm1_95ellipse": 0.33333333333333337,
  "align_centroid_dist_box3_to_box12dm1": 1373.6487738105802,
  "align_mahalanobis_centroid_box3_to_box12dm1": 0.6366620180498538,
  "align_mahalanobis_mean_box3_to_box12dm1": 1.0386746100974518,
  "align_mahalanobis_median_box3_to_box12dm1": 1.10627442345979,
  "align_mahalanobis_max_box3_to_box12dm1": 1.9897845434123456,
  "align_frac_box3_inside_dm1_95ellipse": 1.0,
  "align_frac_box3_inside_dm1_hull": 1.0,
  "align_mean_nn_dist_box3_to_box12dm1": 128.90401324160106,
  "align_frac_box12dm1_inside_own_95ellipse": 0.9534883720930233
}