{
  "run_name": "Q1 RAW TRIM_500_3100 ALL_SPECTRA",
  "concept": "WEIGHTS__BOX12_DM1_ONLY",
  "preprocessing": "RAW",
  "spectrum_mode": "TRIM_500_3100",
  "spectral_window": "TRIM_500_3100",
  "plot_type": "ALL_SPECTRA",
  "question_id": "Q1",
  "primary_question_id": "Q2",
  "related_questions": "Q2, Q5, Q6",
  "pc1_var": 0.9837757627971578,
  "pc2_var": 0.009496522643985431,
  "n_box12_dm1": 387,
  "n_box3_dm1": 99,
  "n_controls": 54,
  "rho_pc1": -0.580508074922114,
  "rho_pc2": -0.2036835446393141,
  "grad_score": 0.580508074922114,
  "cv_r2_pc12_to_si": 0.3836648898596936,
  "centroid_dist_box3_to_box12dm1": 44032.21348906418,
  "mahalanobis_centroid_box3_to_box12dm1": 0.7144135585449305,
  "mahalanobis_mean_box3_to_box12dm1": 1.2309414249548465,
  "mahalanobis_median_box3_to_box12dm1": 1.1335988036708953,
  "mahalanobis_max_box3_to_box12dm1": 2.629052340839796,
  "frac_box3_inside_dm1_95ellipse": 0.9797979797979798,
  "frac_box3_inside_dm1_hull": 0.9595959595959596,
  "mean_nn_dist_box3_to_box12dm1": 2643.164686061929,
  "frac_box12dm1_inside_own_95ellipse": 0.9741602067183462,
  "hol_bhattacharyya_dm1_vs_ctrl": 0.5604816216786297,
  "hol_fisher_separation_dm1_vs_ctrl": 2.719230411483813,
  "hol_centroid_dist_dm1_vs_ctrl": 118212.98836472888,
  "hol_silhouette_dm1_vs_ctrl": 0.28063839080697445,
  "hol_frac_controls_outside_dm1_95ellipse": 0.2592592592592593,
  "cln_bhattacharyya_dm1_vs_ctrl": 0.5604816216786297,
  "cln_fisher_separation_dm1_vs_ctrl": 2.719230411483813,
  "cln_centroid_dist_dm1_vs_ctrl": 127181.68247990008,
  "cln_silhouette_dm1_vs_ctrl": 0.3182599037696592,
  "cln_frac_controls_outside_dm1_95ellipse": 0.2592592592592593,
  "align_centroid_dist_box3_to_box12dm1": 44032.21348906418,
  "align_mahalanobis_centroid_box3_to_box12dm1": 0.7144135585449305,
  "align_mahalanobis_mean_box3_to_box12dm1": 1.2309414249548465,
  "align_mahalanobis_median_box3_to_box12dm1": 1.1335988036708953,
  "align_mahalanobis_max_box3_to_box12dm1": 2.629052340839796,
  "align_frac_box3_inside_dm1_95ellipse": 0.9797979797979798,
  "align_frac_box3_inside_dm1_hull": 0.9595959595959596,
  "align_mean_nn_dist_box3_to_box12dm1": 2643.164686061929,
  "align_frac_box12dm1_inside_own_95ellipse": 0.9741602067183462
}