{
  "run_name": "NORMALIZATION TRIM_700_2800 PATIENT_AVG",
  "concept": "WEIGHTS__BOX12_DM1_ONLY",
  "preprocessing": "NORMALIZATION",
  "spectrum_mode": "TRIM_700_2800",
  "spectral_window": "TRIM_700_2800",
  "plot_type": "PATIENT_AVG",
  "question_id": "Q5",
  "primary_question_id": "Q2",
  "related_questions": "Q2, Q5, Q6",
  "pc1_var": 0.8212011112963099,
  "pc2_var": 0.10779518315710102,
  "n_box12_dm1": 43,
  "n_box3_dm1": 11,
  "n_controls": 6,
  "rho_pc1": 0.6729091982002008,
  "rho_pc2": 0.28506702089616853,
  "grad_score": 0.6729091982002008,
  "cv_r2_pc12_to_si": 0.4332997165694982,
  "centroid_dist_box3_to_box12dm1": 0.05107341766196605,
  "mahalanobis_centroid_box3_to_box12dm1": 0.7132087299781691,
  "mahalanobis_mean_box3_to_box12dm1": 1.275346132841985,
  "mahalanobis_median_box3_to_box12dm1": 1.1883381826822625,
  "mahalanobis_max_box3_to_box12dm1": 2.787804608863395,
  "frac_box3_inside_dm1_95ellipse": 0.9090909090909091,
  "frac_box3_inside_dm1_hull": 0.8181818181818182,
  "mean_nn_dist_box3_to_box12dm1": 0.011774913504021838,
  "frac_box12dm1_inside_own_95ellipse": 0.9534883720930233,
  "hol_bhattacharyya_dm1_vs_ctrl": 1.1122682758537423,
  "hol_fisher_separation_dm1_vs_ctrl": 1.4843070170657002,
  "hol_centroid_dist_dm1_vs_ctrl": 0.08065215244536598,
  "hol_silhouette_dm1_vs_ctrl": 0.06145242075812205,
  "hol_frac_controls_outside_dm1_95ellipse": 0.33333333333333337,
  "cln_bhattacharyya_dm1_vs_ctrl": 1.1122682758537423,
  "cln_fisher_separation_dm1_vs_ctrl": 1.4843070170657002,
  "cln_centroid_dist_dm1_vs_ctrl": 0.08837533368742806,
  "cln_silhouette_dm1_vs_ctrl": 0.10104919933552724,
  "cln_frac_controls_outside_dm1_95ellipse": 0.33333333333333337,
  "align_centroid_dist_box3_to_box12dm1": 0.05107341766196605,
  "align_mahalanobis_centroid_box3_to_box12dm1": 0.7132087299781691,
  "align_mahalanobis_mean_box3_to_box12dm1": 1.275346132841985,
  "align_mahalanobis_median_box3_to_box12dm1": 1.1883381826822625,
  "align_mahalanobis_max_box3_to_box12dm1": 2.787804608863395,
  "align_frac_box3_inside_dm1_95ellipse": 0.9090909090909091,
  "align_frac_box3_inside_dm1_hull": 0.8181818181818182,
  "align_mean_nn_dist_box3_to_box12dm1": 0.011774913504021838,
  "align_frac_box12dm1_inside_own_95ellipse": 0.9534883720930233
}