{
  "run_name": "NORMALIZATION+SNV FULL_SPECTRUM PATIENT_AVG",
  "concept": "WEIGHTS__BOX12_DM1_ONLY",
  "preprocessing": "NORMALIZATION+SNV",
  "spectrum_mode": "FULL_SPECTRUM",
  "spectral_window": "FULL_SPECTRUM",
  "plot_type": "PATIENT_AVG",
  "question_id": "Q5",
  "primary_question_id": "Q2",
  "related_questions": "Q2, Q5, Q6",
  "pc1_var": 0.8403393335236925,
  "pc2_var": 0.10376199399090331,
  "n_box12_dm1": 43,
  "n_box3_dm1": 11,
  "n_controls": 6,
  "rho_pc1": 0.6167264528898035,
  "rho_pc2": 0.165905230439439,
  "grad_score": 0.6167264528898035,
  "cv_r2_pc12_to_si": 0.40607871484375924,
  "centroid_dist_box3_to_box12dm1": 16.92547650646328,
  "mahalanobis_centroid_box3_to_box12dm1": 0.8694502095396053,
  "mahalanobis_mean_box3_to_box12dm1": 1.1525300708594841,
  "mahalanobis_median_box3_to_box12dm1": 1.1013820398154819,
  "mahalanobis_max_box3_to_box12dm1": 2.0254335158543255,
  "frac_box3_inside_dm1_95ellipse": 1.0,
  "frac_box3_inside_dm1_hull": 0.5454545454545454,
  "mean_nn_dist_box3_to_box12dm1": 2.0386986517084877,
  "frac_box12dm1_inside_own_95ellipse": 0.9534883720930233,
  "hol_bhattacharyya_dm1_vs_ctrl": 1.750678255681093,
  "hol_fisher_separation_dm1_vs_ctrl": 1.5172098119180595,
  "hol_centroid_dist_dm1_vs_ctrl": 20.80043331737525,
  "hol_silhouette_dm1_vs_ctrl": 0.020603302254238967,
  "hol_frac_controls_outside_dm1_95ellipse": 0.16666666666666663,
  "cln_bhattacharyya_dm1_vs_ctrl": 1.750678255681093,
  "cln_fisher_separation_dm1_vs_ctrl": 1.5172098119180595,
  "cln_centroid_dist_dm1_vs_ctrl": 23.621924251368764,
  "cln_silhouette_dm1_vs_ctrl": 0.07394818189982305,
  "cln_frac_controls_outside_dm1_95ellipse": 0.16666666666666663,
  "align_centroid_dist_box3_to_box12dm1": 16.92547650646328,
  "align_mahalanobis_centroid_box3_to_box12dm1": 0.8694502095396053,
  "align_mahalanobis_mean_box3_to_box12dm1": 1.1525300708594841,
  "align_mahalanobis_median_box3_to_box12dm1": 1.1013820398154819,
  "align_mahalanobis_max_box3_to_box12dm1": 2.0254335158543255,
  "align_frac_box3_inside_dm1_95ellipse": 1.0,
  "align_frac_box3_inside_dm1_hull": 0.5454545454545454,
  "align_mean_nn_dist_box3_to_box12dm1": 2.0386986517084877,
  "align_frac_box12dm1_inside_own_95ellipse": 0.9534883720930233
}