{
  "run_name": "NORMALIZATION+EMSC FULL_SPECTRUM ALL_SPECTRA",
  "concept": "WEIGHTS__BOX12_ALL",
  "preprocessing": "NORMALIZATION+EMSC",
  "spectrum_mode": "FULL_SPECTRUM",
  "spectral_window": "FULL_SPECTRUM",
  "plot_type": "ALL_SPECTRA",
  "question_id": "Q4",
  "primary_question_id": "Q3A",
  "related_questions": "Q3A, Q3B, Q4",
  "pc1_var": 0.7794660545617565,
  "pc2_var": 0.1390414808004178,
  "n_box12_dm1": 387,
  "n_box3_dm1": 99,
  "n_controls": 54,
  "rho_pc1": 0.6217335393561535,
  "rho_pc2": 0.20561470674609944,
  "grad_score": 0.6217335393561535,
  "cv_r2_pc12_to_si": 0.41064591235091297,
  "centroid_dist_box3_to_box12dm1": 0.11895814046790476,
  "mahalanobis_centroid_box3_to_box12dm1": 0.813330971813896,
  "mahalanobis_mean_box3_to_box12dm1": 1.2102980541956678,
  "mahalanobis_median_box3_to_box12dm1": 1.2510947211027983,
  "mahalanobis_max_box3_to_box12dm1": 2.5493981537583377,
  "frac_box3_inside_dm1_95ellipse": 0.98989898989899,
  "frac_box3_inside_dm1_hull": 0.9797979797979798,
  "mean_nn_dist_box3_to_box12dm1": 0.009341137434894304,
  "frac_box12dm1_inside_own_95ellipse": 0.9612403100775194,
  "hol_bhattacharyya_dm1_vs_ctrl": 1.3442228485581469,
  "hol_fisher_separation_dm1_vs_ctrl": 1.631964185568722,
  "hol_centroid_dist_dm1_vs_ctrl": 0.1688669477641962,
  "hol_silhouette_dm1_vs_ctrl": 0.05498384419612104,
  "hol_frac_controls_outside_dm1_95ellipse": 0.16666666666666663,
  "cln_bhattacharyya_dm1_vs_ctrl": 1.3442228485581469,
  "cln_fisher_separation_dm1_vs_ctrl": 1.631964185568722,
  "cln_centroid_dist_dm1_vs_ctrl": 0.18948830945551784,
  "cln_silhouette_dm1_vs_ctrl": 0.11698838257616877,
  "cln_frac_controls_outside_dm1_95ellipse": 0.16666666666666663,
  "align_centroid_dist_box3_to_box12dm1": 0.11895814046790476,
  "align_mahalanobis_centroid_box3_to_box12dm1": 0.813330971813896,
  "align_mahalanobis_mean_box3_to_box12dm1": 1.2102980541956678,
  "align_mahalanobis_median_box3_to_box12dm1": 1.2510947211027983,
  "align_mahalanobis_max_box3_to_box12dm1": 2.5493981537583377,
  "align_frac_box3_inside_dm1_95ellipse": 0.98989898989899,
  "align_frac_box3_inside_dm1_hull": 0.9797979797979798,
  "align_mean_nn_dist_box3_to_box12dm1": 0.009341137434894304,
  "align_frac_box12dm1_inside_own_95ellipse": 0.9612403100775194
}