{
  "run_name": "RAW TRIM_500_3100 PATIENT_AVG",
  "concept": "WEIGHTS__BOX12_ALL",
  "preprocessing": "RAW",
  "spectrum_mode": "TRIM_500_3100",
  "spectral_window": "TRIM_500_3100",
  "plot_type": "PATIENT_AVG",
  "question_id": "Q4",
  "primary_question_id": "Q3A",
  "related_questions": "Q3A, Q3B, Q4",
  "pc1_var": 0.9824704663421447,
  "pc2_var": 0.011193494223985192,
  "n_box12_dm1": 43,
  "n_box3_dm1": 11,
  "n_controls": 6,
  "rho_pc1": -0.566509348546505,
  "rho_pc2": 0.5601661353662989,
  "grad_score": 0.566509348546505,
  "cv_r2_pc12_to_si": 0.4244281970636201,
  "centroid_dist_box3_to_box12dm1": 43972.463289534484,
  "mahalanobis_centroid_box3_to_box12dm1": 0.6262415309457807,
  "mahalanobis_mean_box3_to_box12dm1": 1.0648699864582247,
  "mahalanobis_median_box3_to_box12dm1": 1.2932053219045414,
  "mahalanobis_max_box3_to_box12dm1": 2.3183002754007234,
  "frac_box3_inside_dm1_95ellipse": 1.0,
  "frac_box3_inside_dm1_hull": 0.9090909090909091,
  "mean_nn_dist_box3_to_box12dm1": 6311.327530418989,
  "frac_box12dm1_inside_own_95ellipse": 0.9069767441860465,
  "hol_bhattacharyya_dm1_vs_ctrl": 0.7804101110653722,
  "hol_fisher_separation_dm1_vs_ctrl": 3.0897529444874317,
  "hol_centroid_dist_dm1_vs_ctrl": 119906.62120326546,
  "hol_silhouette_dm1_vs_ctrl": 0.27578430748678345,
  "hol_frac_controls_outside_dm1_95ellipse": 0.5,
  "cln_bhattacharyya_dm1_vs_ctrl": 0.7804101110653722,
  "cln_fisher_separation_dm1_vs_ctrl": 3.0897529444874317,
  "cln_centroid_dist_dm1_vs_ctrl": 128741.292937744,
  "cln_silhouette_dm1_vs_ctrl": 0.3045963732607363,
  "cln_frac_controls_outside_dm1_95ellipse": 0.5,
  "align_centroid_dist_box3_to_box12dm1": 43972.463289534484,
  "align_mahalanobis_centroid_box3_to_box12dm1": 0.6262415309457807,
  "align_mahalanobis_mean_box3_to_box12dm1": 1.0648699864582247,
  "align_mahalanobis_median_box3_to_box12dm1": 1.2932053219045414,
  "align_mahalanobis_max_box3_to_box12dm1": 2.3183002754007234,
  "align_frac_box3_inside_dm1_95ellipse": 1.0,
  "align_frac_box3_inside_dm1_hull": 0.9090909090909091,
  "align_mean_nn_dist_box3_to_box12dm1": 6311.327530418989,
  "align_frac_box12dm1_inside_own_95ellipse": 0.9069767441860465
}