{
  "run_name": "NORMALIZATION+EMSC FULL_SPECTRUM PATIENT_AVG",
  "concept": "WEIGHTS__BOX12_ALL",
  "preprocessing": "NORMALIZATION+EMSC",
  "spectrum_mode": "FULL_SPECTRUM",
  "spectral_window": "FULL_SPECTRUM",
  "plot_type": "PATIENT_AVG",
  "question_id": "Q3A",
  "primary_question_id": "Q3A",
  "related_questions": "Q3A, Q3B, Q4",
  "pc1_var": 0.8233405922214577,
  "pc2_var": 0.1171938466129623,
  "n_box12_dm1": 43,
  "n_box3_dm1": 11,
  "n_controls": 6,
  "rho_pc1": 0.6337927169222629,
  "rho_pc2": 0.3074948103547545,
  "grad_score": 0.6337927169222629,
  "cv_r2_pc12_to_si": 0.44228892690049226,
  "centroid_dist_box3_to_box12dm1": 0.12353653235552085,
  "mahalanobis_centroid_box3_to_box12dm1": 0.8725265180446886,
  "mahalanobis_mean_box3_to_box12dm1": 1.260423102734074,
  "mahalanobis_median_box3_to_box12dm1": 1.312485196148568,
  "mahalanobis_max_box3_to_box12dm1": 2.2419751292841923,
  "frac_box3_inside_dm1_95ellipse": 1.0,
  "frac_box3_inside_dm1_hull": 0.7272727272727273,
  "mean_nn_dist_box3_to_box12dm1": 0.019846492724781523,
  "frac_box12dm1_inside_own_95ellipse": 0.9767441860465116,
  "hol_bhattacharyya_dm1_vs_ctrl": 1.678297367732871,
  "hol_fisher_separation_dm1_vs_ctrl": 2.005741867628629,
  "hol_centroid_dist_dm1_vs_ctrl": 0.17571825094094168,
  "hol_silhouette_dm1_vs_ctrl": 0.11142027120318533,
  "hol_frac_controls_outside_dm1_95ellipse": 0.8333333333333334,
  "cln_bhattacharyya_dm1_vs_ctrl": 1.678297367732871,
  "cln_fisher_separation_dm1_vs_ctrl": 2.005741867628629,
  "cln_centroid_dist_dm1_vs_ctrl": 0.19624275836179256,
  "cln_silhouette_dm1_vs_ctrl": 0.17074725116862272,
  "cln_frac_controls_outside_dm1_95ellipse": 0.8333333333333334,
  "align_centroid_dist_box3_to_box12dm1": 0.12353653235552085,
  "align_mahalanobis_centroid_box3_to_box12dm1": 0.8725265180446886,
  "align_mahalanobis_mean_box3_to_box12dm1": 1.260423102734074,
  "align_mahalanobis_median_box3_to_box12dm1": 1.312485196148568,
  "align_mahalanobis_max_box3_to_box12dm1": 2.2419751292841923,
  "align_frac_box3_inside_dm1_95ellipse": 1.0,
  "align_frac_box3_inside_dm1_hull": 0.7272727272727273,
  "align_mean_nn_dist_box3_to_box12dm1": 0.019846492724781523,
  "align_frac_box12dm1_inside_own_95ellipse": 0.9767441860465116
}