{
  "run_name": "EMSC TRIM_500_3100 ALL_SPECTRA",
  "concept": "WEIGHTS__BOX12_DM1_ONLY",
  "preprocessing": "EMSC",
  "spectrum_mode": "TRIM_500_3100",
  "spectral_window": "TRIM_500_3100",
  "plot_type": "ALL_SPECTRA",
  "question_id": "Q6",
  "primary_question_id": "Q2",
  "related_questions": "Q2, Q5, Q6",
  "pc1_var": 0.6895976886760434,
  "pc2_var": 0.22472419130370538,
  "n_box12_dm1": 387,
  "n_box3_dm1": 99,
  "n_controls": 54,
  "rho_pc1": 0.6033567424162468,
  "rho_pc2": 0.34995695786373543,
  "grad_score": 0.6033567424162468,
  "cv_r2_pc12_to_si": 0.3662513548166728,
  "centroid_dist_box3_to_box12dm1": 6534.683185856757,
  "mahalanobis_centroid_box3_to_box12dm1": 0.684333866013585,
  "mahalanobis_mean_box3_to_box12dm1": 1.2990652251958201,
  "mahalanobis_median_box3_to_box12dm1": 1.34049180700833,
  "mahalanobis_max_box3_to_box12dm1": 2.588133416720695,
  "frac_box3_inside_dm1_95ellipse": 0.9696969696969697,
  "frac_box3_inside_dm1_hull": 0.98989898989899,
  "mean_nn_dist_box3_to_box12dm1": 1287.6953396670917,
  "frac_box12dm1_inside_own_95ellipse": 0.937984496124031,
  "hol_bhattacharyya_dm1_vs_ctrl": 0.8755174842702742,
  "hol_fisher_separation_dm1_vs_ctrl": 3.588437882035241,
  "hol_centroid_dist_dm1_vs_ctrl": 22335.35596676128,
  "hol_silhouette_dm1_vs_ctrl": 0.41902019320410444,
  "hol_frac_controls_outside_dm1_95ellipse": 0.5925925925925926,
  "cln_bhattacharyya_dm1_vs_ctrl": 0.8755174842702742,
  "cln_fisher_separation_dm1_vs_ctrl": 3.588437882035241,
  "cln_centroid_dist_dm1_vs_ctrl": 23011.797768777302,
  "cln_silhouette_dm1_vs_ctrl": 0.4390418591372476,
  "cln_frac_controls_outside_dm1_95ellipse": 0.5925925925925926,
  "align_centroid_dist_box3_to_box12dm1": 6534.683185856757,
  "align_mahalanobis_centroid_box3_to_box12dm1": 0.684333866013585,
  "align_mahalanobis_mean_box3_to_box12dm1": 1.2990652251958201,
  "align_mahalanobis_median_box3_to_box12dm1": 1.34049180700833,
  "align_mahalanobis_max_box3_to_box12dm1": 2.588133416720695,
  "align_frac_box3_inside_dm1_95ellipse": 0.9696969696969697,
  "align_frac_box3_inside_dm1_hull": 0.98989898989899,
  "align_mean_nn_dist_box3_to_box12dm1": 1287.6953396670917,
  "align_frac_box12dm1_inside_own_95ellipse": 0.937984496124031
}