{
  "run_name": "NORMALIZATION+EMSC TRIM_500_3100 ALL_SPECTRA",
  "concept": "WEIGHTS__BOX12_DM1_ONLY",
  "preprocessing": "NORMALIZATION+EMSC",
  "spectrum_mode": "TRIM_500_3100",
  "spectral_window": "TRIM_500_3100",
  "plot_type": "ALL_SPECTRA",
  "question_id": "Q6",
  "primary_question_id": "Q2",
  "related_questions": "Q2, Q5, Q6",
  "pc1_var": 0.8326339074240428,
  "pc2_var": 0.11192233409902796,
  "n_box12_dm1": 387,
  "n_box3_dm1": 99,
  "n_controls": 54,
  "rho_pc1": 0.6328377214701694,
  "rho_pc2": 0.3229775420794132,
  "grad_score": 0.6328377214701694,
  "cv_r2_pc12_to_si": 0.39731867901883056,
  "centroid_dist_box3_to_box12dm1": 0.06529242407339012,
  "mahalanobis_centroid_box3_to_box12dm1": 0.6397717708116144,
  "mahalanobis_mean_box3_to_box12dm1": 1.1918490054384567,
  "mahalanobis_median_box3_to_box12dm1": 1.1649604400256357,
  "mahalanobis_max_box3_to_box12dm1": 3.339448559719324,
  "frac_box3_inside_dm1_95ellipse": 0.9797979797979798,
  "frac_box3_inside_dm1_hull": 0.98989898989899,
  "mean_nn_dist_box3_to_box12dm1": 0.007019364085492656,
  "frac_box12dm1_inside_own_95ellipse": 0.937984496124031,
  "hol_bhattacharyya_dm1_vs_ctrl": 1.086271610083043,
  "hol_fisher_separation_dm1_vs_ctrl": 1.2740190951684451,
  "hol_centroid_dist_dm1_vs_ctrl": 0.11196653801635087,
  "hol_silhouette_dm1_vs_ctrl": 0.05766279469042841,
  "hol_frac_controls_outside_dm1_95ellipse": 0.18518518518518523,
  "cln_bhattacharyya_dm1_vs_ctrl": 1.086271610083043,
  "cln_fisher_separation_dm1_vs_ctrl": 1.2740190951684451,
  "cln_centroid_dist_dm1_vs_ctrl": 0.12191313501971865,
  "cln_silhouette_dm1_vs_ctrl": 0.09405524961803208,
  "cln_frac_controls_outside_dm1_95ellipse": 0.18518518518518523,
  "align_centroid_dist_box3_to_box12dm1": 0.06529242407339012,
  "align_mahalanobis_centroid_box3_to_box12dm1": 0.6397717708116144,
  "align_mahalanobis_mean_box3_to_box12dm1": 1.1918490054384567,
  "align_mahalanobis_median_box3_to_box12dm1": 1.1649604400256357,
  "align_mahalanobis_max_box3_to_box12dm1": 3.339448559719324,
  "align_frac_box3_inside_dm1_95ellipse": 0.9797979797979798,
  "align_frac_box3_inside_dm1_hull": 0.98989898989899,
  "align_mean_nn_dist_box3_to_box12dm1": 0.007019364085492656,
  "align_frac_box12dm1_inside_own_95ellipse": 0.937984496124031
}