{
  "run_name": "RAW FULL_SPECTRUM ALL_SPECTRA",
  "concept": "WEIGHTS__BOX12_DM1_ONLY",
  "preprocessing": "RAW",
  "spectrum_mode": "FULL_SPECTRUM",
  "spectral_window": "FULL_SPECTRUM",
  "plot_type": "ALL_SPECTRA",
  "question_id": "Q6",
  "primary_question_id": "Q2",
  "related_questions": "Q2, Q5, Q6",
  "pc1_var": 0.9746130311025253,
  "pc2_var": 0.013707549529642982,
  "n_box12_dm1": 387,
  "n_box3_dm1": 99,
  "n_controls": 54,
  "rho_pc1": -0.5775144008453792,
  "rho_pc2": -0.20999430652398765,
  "grad_score": 0.5775144008453792,
  "cv_r2_pc12_to_si": 0.3728060982881032,
  "centroid_dist_box3_to_box12dm1": 46290.69310648643,
  "mahalanobis_centroid_box3_to_box12dm1": 0.7911697555133719,
  "mahalanobis_mean_box3_to_box12dm1": 1.2948202712917927,
  "mahalanobis_median_box3_to_box12dm1": 1.1937051556191445,
  "mahalanobis_max_box3_to_box12dm1": 2.5674336076031894,
  "frac_box3_inside_dm1_95ellipse": 0.9696969696969697,
  "frac_box3_inside_dm1_hull": 0.9090909090909091,
  "mean_nn_dist_box3_to_box12dm1": 2994.6637185977916,
  "frac_box12dm1_inside_own_95ellipse": 0.9664082687338501,
  "hol_bhattacharyya_dm1_vs_ctrl": 0.6434327989980159,
  "hol_fisher_separation_dm1_vs_ctrl": 2.9316077717895226,
  "hol_centroid_dist_dm1_vs_ctrl": 132166.37002042736,
  "hol_silhouette_dm1_vs_ctrl": 0.30382608353763646,
  "hol_frac_controls_outside_dm1_95ellipse": 0.35185185185185186,
  "cln_bhattacharyya_dm1_vs_ctrl": 0.6434327989980159,
  "cln_fisher_separation_dm1_vs_ctrl": 2.9316077717895226,
  "cln_centroid_dist_dm1_vs_ctrl": 141595.86745058652,
  "cln_silhouette_dm1_vs_ctrl": 0.33922282897674944,
  "cln_frac_controls_outside_dm1_95ellipse": 0.35185185185185186,
  "align_centroid_dist_box3_to_box12dm1": 46290.69310648643,
  "align_mahalanobis_centroid_box3_to_box12dm1": 0.7911697555133719,
  "align_mahalanobis_mean_box3_to_box12dm1": 1.2948202712917927,
  "align_mahalanobis_median_box3_to_box12dm1": 1.1937051556191445,
  "align_mahalanobis_max_box3_to_box12dm1": 2.5674336076031894,
  "align_frac_box3_inside_dm1_95ellipse": 0.9696969696969697,
  "align_frac_box3_inside_dm1_hull": 0.9090909090909091,
  "align_mean_nn_dist_box3_to_box12dm1": 2994.6637185977916,
  "align_frac_box12dm1_inside_own_95ellipse": 0.9664082687338501
}