{
  "run_name": "Q1 RAW TRIM_700_2800 ALL_SPECTRA",
  "concept": "WEIGHTS__BOX12_DM1_ONLY",
  "preprocessing": "RAW",
  "spectrum_mode": "TRIM_700_2800",
  "spectral_window": "TRIM_700_2800",
  "plot_type": "ALL_SPECTRA",
  "question_id": "Q1",
  "primary_question_id": "Q2",
  "related_questions": "Q2, Q5, Q6",
  "pc1_var": 0.9897787246571537,
  "pc2_var": 0.005680157389472709,
  "n_box12_dm1": 387,
  "n_box3_dm1": 99,
  "n_controls": 54,
  "rho_pc1": -0.5858681682020959,
  "rho_pc2": -0.20714509679404422,
  "grad_score": 0.5858681682020959,
  "cv_r2_pc12_to_si": 0.38967097428852104,
  "centroid_dist_box3_to_box12dm1": 41790.66954206565,
  "mahalanobis_centroid_box3_to_box12dm1": 0.7132336403485438,
  "mahalanobis_mean_box3_to_box12dm1": 1.2266757719633763,
  "mahalanobis_median_box3_to_box12dm1": 1.1700639942719049,
  "mahalanobis_max_box3_to_box12dm1": 2.70185203937119,
  "frac_box3_inside_dm1_95ellipse": 0.98989898989899,
  "frac_box3_inside_dm1_hull": 0.8686868686868687,
  "mean_nn_dist_box3_to_box12dm1": 2108.6036860552354,
  "frac_box12dm1_inside_own_95ellipse": 0.9741602067183462,
  "hol_bhattacharyya_dm1_vs_ctrl": 0.6105209602660957,
  "hol_fisher_separation_dm1_vs_ctrl": 2.6031329383913957,
  "hol_centroid_dist_dm1_vs_ctrl": 107509.30318286011,
  "hol_silhouette_dm1_vs_ctrl": 0.2657541772778221,
  "hol_frac_controls_outside_dm1_95ellipse": 0.2592592592592593,
  "cln_bhattacharyya_dm1_vs_ctrl": 0.6105209602660957,
  "cln_fisher_separation_dm1_vs_ctrl": 2.6031329383913957,
  "cln_centroid_dist_dm1_vs_ctrl": 116021.75470699267,
  "cln_silhouette_dm1_vs_ctrl": 0.3056807969458401,
  "cln_frac_controls_outside_dm1_95ellipse": 0.2592592592592593,
  "align_centroid_dist_box3_to_box12dm1": 41790.66954206565,
  "align_mahalanobis_centroid_box3_to_box12dm1": 0.7132336403485438,
  "align_mahalanobis_mean_box3_to_box12dm1": 1.2266757719633763,
  "align_mahalanobis_median_box3_to_box12dm1": 1.1700639942719049,
  "align_mahalanobis_max_box3_to_box12dm1": 2.70185203937119,
  "align_frac_box3_inside_dm1_95ellipse": 0.98989898989899,
  "align_frac_box3_inside_dm1_hull": 0.8686868686868687,
  "align_mean_nn_dist_box3_to_box12dm1": 2108.6036860552354,
  "align_frac_box12dm1_inside_own_95ellipse": 0.9741602067183462
}