{
  "run_name": "SECOND DERIVATIVE TRIM_700_2800 PATIENT_AVG",
  "concept": "WEIGHTS__BOX12_DM1_ONLY",
  "preprocessing": "SECOND DERIVATIVE",
  "spectrum_mode": "TRIM_700_2800",
  "spectral_window": "TRIM_700_2800",
  "plot_type": "PATIENT_AVG",
  "question_id": "Q6",
  "primary_question_id": "Q2",
  "related_questions": "Q2, Q5, Q6",
  "pc1_var": 0.9818011836118428,
  "pc2_var": 0.0035506606703358313,
  "n_box12_dm1": 43,
  "n_box3_dm1": 11,
  "n_controls": 6,
  "rho_pc1": -0.6278270759551643,
  "rho_pc2": 0.2124976415369055,
  "grad_score": 0.6278270759551643,
  "cv_r2_pc12_to_si": 0.4352979663944868,
  "centroid_dist_box3_to_box12dm1": 1373.3381719622996,
  "mahalanobis_centroid_box3_to_box12dm1": 0.6327189779856813,
  "mahalanobis_mean_box3_to_box12dm1": 1.1479623224505162,
  "mahalanobis_median_box3_to_box12dm1": 1.1778020621898875,
  "mahalanobis_max_box3_to_box12dm1": 2.0725620945862397,
  "frac_box3_inside_dm1_95ellipse": 1.0,
  "frac_box3_inside_dm1_hull": 1.0,
  "mean_nn_dist_box3_to_box12dm1": 146.89446795854533,
  "frac_box12dm1_inside_own_95ellipse": 0.9302325581395349,
  "hol_bhattacharyya_dm1_vs_ctrl": 0.5370374315740695,
  "hol_fisher_separation_dm1_vs_ctrl": 2.165048330677974,
  "hol_centroid_dist_dm1_vs_ctrl": 2940.6108194923654,
  "hol_silhouette_dm1_vs_ctrl": 0.16720329289312882,
  "hol_frac_controls_outside_dm1_95ellipse": 0.33333333333333337,
  "cln_bhattacharyya_dm1_vs_ctrl": 0.5370374315740695,
  "cln_fisher_separation_dm1_vs_ctrl": 2.165048330677974,
  "cln_centroid_dist_dm1_vs_ctrl": 3220.2532381548226,
  "cln_silhouette_dm1_vs_ctrl": 0.20501644858924084,
  "cln_frac_controls_outside_dm1_95ellipse": 0.33333333333333337,
  "align_centroid_dist_box3_to_box12dm1": 1373.3381719622996,
  "align_mahalanobis_centroid_box3_to_box12dm1": 0.6327189779856813,
  "align_mahalanobis_mean_box3_to_box12dm1": 1.1479623224505162,
  "align_mahalanobis_median_box3_to_box12dm1": 1.1778020621898875,
  "align_mahalanobis_max_box3_to_box12dm1": 2.0725620945862397,
  "align_frac_box3_inside_dm1_95ellipse": 1.0,
  "align_frac_box3_inside_dm1_hull": 1.0,
  "align_mean_nn_dist_box3_to_box12dm1": 146.89446795854533,
  "align_frac_box12dm1_inside_own_95ellipse": 0.9302325581395349
}