{
  "run_name": "EMSC FULL_SPECTRUM ALL_SPECTRA",
  "concept": "WEIGHTS__BOX12_ALL",
  "preprocessing": "EMSC",
  "spectrum_mode": "FULL_SPECTRUM",
  "spectral_window": "FULL_SPECTRUM",
  "plot_type": "ALL_SPECTRA",
  "question_id": "Q3B",
  "primary_question_id": "Q3A",
  "related_questions": "Q3A, Q3B, Q4",
  "pc1_var": 0.6581624506736592,
  "pc2_var": 0.28250930489368414,
  "n_box12_dm1": 387,
  "n_box3_dm1": 99,
  "n_controls": 54,
  "rho_pc1": 0.5687645215700409,
  "rho_pc2": 0.5804670656881861,
  "grad_score": 0.5804670656881861,
  "cv_r2_pc12_to_si": 0.412744908758069,
  "centroid_dist_box3_to_box12dm1": 12143.257028589203,
  "mahalanobis_centroid_box3_to_box12dm1": 0.8161903657730919,
  "mahalanobis_mean_box3_to_box12dm1": 1.3179216542102692,
  "mahalanobis_median_box3_to_box12dm1": 1.1865199729516729,
  "mahalanobis_max_box3_to_box12dm1": 2.8629397727727968,
  "frac_box3_inside_dm1_95ellipse": 0.9393939393939394,
  "frac_box3_inside_dm1_hull": 1.0,
  "mean_nn_dist_box3_to_box12dm1": 1700.5072063496455,
  "frac_box12dm1_inside_own_95ellipse": 0.937984496124031,
  "hol_bhattacharyya_dm1_vs_ctrl": 0.8736564651603429,
  "hol_fisher_separation_dm1_vs_ctrl": 4.273233508955298,
  "hol_centroid_dist_dm1_vs_ctrl": 36274.81787541639,
  "hol_silhouette_dm1_vs_ctrl": 0.4341536789393282,
  "hol_frac_controls_outside_dm1_95ellipse": 0.7407407407407407,
  "cln_bhattacharyya_dm1_vs_ctrl": 0.8736564651603429,
  "cln_fisher_separation_dm1_vs_ctrl": 4.273233508955298,
  "cln_centroid_dist_dm1_vs_ctrl": 37866.29801774602,
  "cln_silhouette_dm1_vs_ctrl": 0.46625473321378647,
  "cln_frac_controls_outside_dm1_95ellipse": 0.7407407407407407,
  "align_centroid_dist_box3_to_box12dm1": 12143.257028589203,
  "align_mahalanobis_centroid_box3_to_box12dm1": 0.8161903657730919,
  "align_mahalanobis_mean_box3_to_box12dm1": 1.3179216542102692,
  "align_mahalanobis_median_box3_to_box12dm1": 1.1865199729516729,
  "align_mahalanobis_max_box3_to_box12dm1": 2.8629397727727968,
  "align_frac_box3_inside_dm1_95ellipse": 0.9393939393939394,
  "align_frac_box3_inside_dm1_hull": 1.0,
  "align_mean_nn_dist_box3_to_box12dm1": 1700.5072063496455,
  "align_frac_box12dm1_inside_own_95ellipse": 0.937984496124031
}