{
  "run_name": "SECOND DERIVATIVE FULL_SPECTRUM PATIENT_AVG",
  "concept": "WEIGHTS__BOX12_DM1_ONLY",
  "preprocessing": "SECOND DERIVATIVE",
  "spectrum_mode": "FULL_SPECTRUM",
  "spectral_window": "FULL_SPECTRUM",
  "plot_type": "PATIENT_AVG",
  "question_id": "Q2",
  "primary_question_id": "Q2",
  "related_questions": "Q2, Q5, Q6",
  "pc1_var": 0.9734609304715144,
  "pc2_var": 0.003832496414241706,
  "n_box12_dm1": 43,
  "n_box3_dm1": 11,
  "n_controls": 6,
  "rho_pc1": -0.6278270759551643,
  "rho_pc2": 0.23107419442179486,
  "grad_score": 0.6278270759551643,
  "cv_r2_pc12_to_si": 0.43536835180404976,
  "centroid_dist_box3_to_box12dm1": 1373.0764348631371,
  "mahalanobis_centroid_box3_to_box12dm1": 0.6313273502511028,
  "mahalanobis_mean_box3_to_box12dm1": 1.1046798748153213,
  "mahalanobis_median_box3_to_box12dm1": 1.0580015364403075,
  "mahalanobis_max_box3_to_box12dm1": 1.9910113810306138,
  "frac_box3_inside_dm1_95ellipse": 1.0,
  "frac_box3_inside_dm1_hull": 1.0,
  "mean_nn_dist_box3_to_box12dm1": 143.54056994441055,
  "frac_box12dm1_inside_own_95ellipse": 0.9302325581395349,
  "hol_bhattacharyya_dm1_vs_ctrl": 0.5093899961623817,
  "hol_fisher_separation_dm1_vs_ctrl": 2.164836988716793,
  "hol_centroid_dist_dm1_vs_ctrl": 2941.9605734701695,
  "hol_silhouette_dm1_vs_ctrl": 0.16696902273481423,
  "hol_frac_controls_outside_dm1_95ellipse": 0.33333333333333337,
  "cln_bhattacharyya_dm1_vs_ctrl": 0.5093899961623817,
  "cln_fisher_separation_dm1_vs_ctrl": 2.164836988716793,
  "cln_centroid_dist_dm1_vs_ctrl": 3221.552560912478,
  "cln_silhouette_dm1_vs_ctrl": 0.2047723771291725,
  "cln_frac_controls_outside_dm1_95ellipse": 0.33333333333333337,
  "align_centroid_dist_box3_to_box12dm1": 1373.0764348631371,
  "align_mahalanobis_centroid_box3_to_box12dm1": 0.6313273502511028,
  "align_mahalanobis_mean_box3_to_box12dm1": 1.1046798748153213,
  "align_mahalanobis_median_box3_to_box12dm1": 1.0580015364403075,
  "align_mahalanobis_max_box3_to_box12dm1": 1.9910113810306138,
  "align_frac_box3_inside_dm1_95ellipse": 1.0,
  "align_frac_box3_inside_dm1_hull": 1.0,
  "align_mean_nn_dist_box3_to_box12dm1": 143.54056994441055,
  "align_frac_box12dm1_inside_own_95ellipse": 0.9302325581395349
}