{
  "run_name": "NORMALIZATION TRIM_700_2800 ALL_SPECTRA",
  "concept": "WEIGHTS__BOX12_ALL",
  "preprocessing": "NORMALIZATION",
  "spectrum_mode": "TRIM_700_2800",
  "spectral_window": "TRIM_700_2800",
  "plot_type": "ALL_SPECTRA",
  "question_id": "Q4",
  "primary_question_id": "Q3A",
  "related_questions": "Q3A, Q3B, Q4",
  "pc1_var": 0.8048114229906511,
  "pc2_var": 0.12383608706168554,
  "n_box12_dm1": 387,
  "n_box3_dm1": 99,
  "n_controls": 54,
  "rho_pc1": 0.6001962353196689,
  "rho_pc2": 0.40571926369716266,
  "grad_score": 0.6001962353196689,
  "cv_r2_pc12_to_si": 0.3222571244204976,
  "centroid_dist_box3_to_box12dm1": 0.0454513135831752,
  "mahalanobis_centroid_box3_to_box12dm1": 0.5412399893066766,
  "mahalanobis_mean_box3_to_box12dm1": 1.1841780764628467,
  "mahalanobis_median_box3_to_box12dm1": 1.1049170007927271,
  "mahalanobis_max_box3_to_box12dm1": 3.815932206114785,
  "frac_box3_inside_dm1_95ellipse": 0.9191919191919192,
  "frac_box3_inside_dm1_hull": 0.98989898989899,
  "mean_nn_dist_box3_to_box12dm1": 0.005168330906802144,
  "frac_box12dm1_inside_own_95ellipse": 0.9250645994832042,
  "hol_bhattacharyya_dm1_vs_ctrl": 1.0725222890189432,
  "hol_fisher_separation_dm1_vs_ctrl": 1.0127337785097723,
  "hol_centroid_dist_dm1_vs_ctrl": 0.08075475396782733,
  "hol_silhouette_dm1_vs_ctrl": 0.022042768157229945,
  "hol_frac_controls_outside_dm1_95ellipse": 0.20370370370370372,
  "cln_bhattacharyya_dm1_vs_ctrl": 1.0725222890189432,
  "cln_fisher_separation_dm1_vs_ctrl": 1.0127337785097723,
  "cln_centroid_dist_dm1_vs_ctrl": 0.08756984430753258,
  "cln_silhouette_dm1_vs_ctrl": 0.047141537325756336,
  "cln_frac_controls_outside_dm1_95ellipse": 0.20370370370370372,
  "align_centroid_dist_box3_to_box12dm1": 0.0454513135831752,
  "align_mahalanobis_centroid_box3_to_box12dm1": 0.5412399893066766,
  "align_mahalanobis_mean_box3_to_box12dm1": 1.1841780764628467,
  "align_mahalanobis_median_box3_to_box12dm1": 1.1049170007927271,
  "align_mahalanobis_max_box3_to_box12dm1": 3.815932206114785,
  "align_frac_box3_inside_dm1_95ellipse": 0.9191919191919192,
  "align_frac_box3_inside_dm1_hull": 0.98989898989899,
  "align_mean_nn_dist_box3_to_box12dm1": 0.005168330906802144,
  "align_frac_box12dm1_inside_own_95ellipse": 0.9250645994832042
}