{
  "run_name": "NORMALIZATION FULL_SPECTRUM ALL_SPECTRA",
  "concept": "WEIGHTS__BOX12_DM1_ONLY",
  "preprocessing": "NORMALIZATION",
  "spectrum_mode": "FULL_SPECTRUM",
  "spectral_window": "FULL_SPECTRUM",
  "plot_type": "ALL_SPECTRA",
  "question_id": "Q6",
  "primary_question_id": "Q2",
  "related_questions": "Q2, Q5, Q6",
  "pc1_var": 0.7931453810021065,
  "pc2_var": 0.1342926319624644,
  "n_box12_dm1": 387,
  "n_box3_dm1": 99,
  "n_controls": 54,
  "rho_pc1": 0.6260087519931345,
  "rho_pc2": 0.05679872101814988,
  "grad_score": 0.6260087519931345,
  "cv_r2_pc12_to_si": 0.40628096181081375,
  "centroid_dist_box3_to_box12dm1": 0.11914517047832773,
  "mahalanobis_centroid_box3_to_box12dm1": 0.8109362378195039,
  "mahalanobis_mean_box3_to_box12dm1": 1.1456544765822936,
  "mahalanobis_median_box3_to_box12dm1": 1.1822147245552235,
  "mahalanobis_max_box3_to_box12dm1": 1.824464054016648,
  "frac_box3_inside_dm1_95ellipse": 1.0,
  "frac_box3_inside_dm1_hull": 0.98989898989899,
  "mean_nn_dist_box3_to_box12dm1": 0.0077336516585226585,
  "frac_box12dm1_inside_own_95ellipse": 0.9509043927648578,
  "hol_bhattacharyya_dm1_vs_ctrl": 1.241930292120506,
  "hol_fisher_separation_dm1_vs_ctrl": 1.3894037385461486,
  "hol_centroid_dist_dm1_vs_ctrl": 0.15519003859915573,
  "hol_silhouette_dm1_vs_ctrl": -0.010536768731529634,
  "hol_frac_controls_outside_dm1_95ellipse": 0.0,
  "cln_bhattacharyya_dm1_vs_ctrl": 1.241930292120506,
  "cln_fisher_separation_dm1_vs_ctrl": 1.3894037385461486,
  "cln_centroid_dist_dm1_vs_ctrl": 0.17673804942423565,
  "cln_silhouette_dm1_vs_ctrl": 0.05803198067050233,
  "cln_frac_controls_outside_dm1_95ellipse": 0.0,
  "align_centroid_dist_box3_to_box12dm1": 0.11914517047832773,
  "align_mahalanobis_centroid_box3_to_box12dm1": 0.8109362378195039,
  "align_mahalanobis_mean_box3_to_box12dm1": 1.1456544765822936,
  "align_mahalanobis_median_box3_to_box12dm1": 1.1822147245552235,
  "align_mahalanobis_max_box3_to_box12dm1": 1.824464054016648,
  "align_frac_box3_inside_dm1_95ellipse": 1.0,
  "align_frac_box3_inside_dm1_hull": 0.98989898989899,
  "align_mean_nn_dist_box3_to_box12dm1": 0.0077336516585226585,
  "align_frac_box12dm1_inside_own_95ellipse": 0.9509043927648578
}