{
  "run_name": "SNV TRIM_700_2800 PATIENT_AVG",
  "concept": "WEIGHTS__BOX12_ALL",
  "preprocessing": "SNV",
  "spectrum_mode": "TRIM_700_2800",
  "spectral_window": "TRIM_700_2800",
  "plot_type": "PATIENT_AVG",
  "question_id": "Q4",
  "primary_question_id": "Q3A",
  "related_questions": "Q3A, Q3B, Q4",
  "pc1_var": 0.6690365034674604,
  "pc2_var": 0.22306803330588953,
  "n_box12_dm1": 43,
  "n_box3_dm1": 11,
  "n_controls": 6,
  "rho_pc1": 0.07861053476898316,
  "rho_pc2": -0.08072493916238521,
  "grad_score": 0.08072493916238521,
  "cv_r2_pc12_to_si": 0.013656451843688022,
  "centroid_dist_box3_to_box12dm1": 0.5518171190944618,
  "mahalanobis_centroid_box3_to_box12dm1": 0.16875585643338606,
  "mahalanobis_mean_box3_to_box12dm1": 1.101740788184383,
  "mahalanobis_median_box3_to_box12dm1": 0.9423905165772835,
  "mahalanobis_max_box3_to_box12dm1": 2.255686263238027,
  "frac_box3_inside_dm1_95ellipse": 1.0,
  "frac_box3_inside_dm1_hull": 0.7272727272727273,
  "mean_nn_dist_box3_to_box12dm1": 1.0260332485817094,
  "frac_box12dm1_inside_own_95ellipse": 0.9069767441860465,
  "hol_bhattacharyya_dm1_vs_ctrl": 0.848556572925881,
  "hol_fisher_separation_dm1_vs_ctrl": 2.2339125632067707,
  "hol_centroid_dist_dm1_vs_ctrl": 6.275386238286123,
  "hol_silhouette_dm1_vs_ctrl": 0.23455643545413857,
  "hol_frac_controls_outside_dm1_95ellipse": 0.16666666666666663,
  "cln_bhattacharyya_dm1_vs_ctrl": 0.848556572925881,
  "cln_fisher_separation_dm1_vs_ctrl": 2.2339125632067707,
  "cln_centroid_dist_dm1_vs_ctrl": 6.386545583921162,
  "cln_silhouette_dm1_vs_ctrl": 0.23551459061350122,
  "cln_frac_controls_outside_dm1_95ellipse": 0.16666666666666663,
  "align_centroid_dist_box3_to_box12dm1": 0.5518171190944618,
  "align_mahalanobis_centroid_box3_to_box12dm1": 0.16875585643338606,
  "align_mahalanobis_mean_box3_to_box12dm1": 1.101740788184383,
  "align_mahalanobis_median_box3_to_box12dm1": 0.9423905165772835,
  "align_mahalanobis_max_box3_to_box12dm1": 2.255686263238027,
  "align_frac_box3_inside_dm1_95ellipse": 1.0,
  "align_frac_box3_inside_dm1_hull": 0.7272727272727273,
  "align_mean_nn_dist_box3_to_box12dm1": 1.0260332485817094,
  "align_frac_box12dm1_inside_own_95ellipse": 0.9069767441860465
}