{
  "run_name": "SNV TRIM_500_3100 PATIENT_AVG",
  "concept": "WEIGHTS__BOX12_DM1_ONLY",
  "preprocessing": "SNV",
  "spectrum_mode": "TRIM_500_3100",
  "spectral_window": "TRIM_500_3100",
  "plot_type": "PATIENT_AVG",
  "question_id": "Q6",
  "primary_question_id": "Q2",
  "related_questions": "Q2, Q5, Q6",
  "pc1_var": 0.6079297684849835,
  "pc2_var": 0.2786944443314357,
  "n_box12_dm1": 43,
  "n_box3_dm1": 11,
  "n_controls": 6,
  "rho_pc1": 0.5144043831376689,
  "rho_pc2": 0.39599773710715436,
  "grad_score": 0.5144043831376689,
  "cv_r2_pc12_to_si": 0.3452786007429781,
  "centroid_dist_box3_to_box12dm1": 4.474171157379458,
  "mahalanobis_centroid_box3_to_box12dm1": 0.7489033922613936,
  "mahalanobis_mean_box3_to_box12dm1": 1.0358351578056,
  "mahalanobis_median_box3_to_box12dm1": 0.9562008820547441,
  "mahalanobis_max_box3_to_box12dm1": 2.083704769958136,
  "frac_box3_inside_dm1_95ellipse": 1.0,
  "frac_box3_inside_dm1_hull": 0.7272727272727273,
  "mean_nn_dist_box3_to_box12dm1": 1.010891713487713,
  "frac_box12dm1_inside_own_95ellipse": 0.8837209302325582,
  "hol_bhattacharyya_dm1_vs_ctrl": 1.2421785548672033,
  "hol_fisher_separation_dm1_vs_ctrl": 1.711283332169615,
  "hol_centroid_dist_dm1_vs_ctrl": 9.75053873327776,
  "hol_silhouette_dm1_vs_ctrl": 0.15616011825481682,
  "hol_frac_controls_outside_dm1_95ellipse": 0.16666666666666663,
  "cln_bhattacharyya_dm1_vs_ctrl": 1.2421785548672033,
  "cln_fisher_separation_dm1_vs_ctrl": 1.711283332169615,
  "cln_centroid_dist_dm1_vs_ctrl": 10.252320504832571,
  "cln_silhouette_dm1_vs_ctrl": 0.16647058434373224,
  "cln_frac_controls_outside_dm1_95ellipse": 0.16666666666666663,
  "align_centroid_dist_box3_to_box12dm1": 4.474171157379458,
  "align_mahalanobis_centroid_box3_to_box12dm1": 0.7489033922613936,
  "align_mahalanobis_mean_box3_to_box12dm1": 1.0358351578056,
  "align_mahalanobis_median_box3_to_box12dm1": 0.9562008820547441,
  "align_mahalanobis_max_box3_to_box12dm1": 2.083704769958136,
  "align_frac_box3_inside_dm1_95ellipse": 1.0,
  "align_frac_box3_inside_dm1_hull": 0.7272727272727273,
  "align_mean_nn_dist_box3_to_box12dm1": 1.010891713487713,
  "align_frac_box12dm1_inside_own_95ellipse": 0.8837209302325582
}