{
  "run_name": "EMSC TRIM_700_2800 PATIENT_AVG",
  "concept": "WEIGHTS__BOX12_ALL",
  "preprocessing": "EMSC",
  "spectrum_mode": "TRIM_700_2800",
  "spectral_window": "TRIM_700_2800",
  "plot_type": "PATIENT_AVG",
  "question_id": "Q4",
  "primary_question_id": "Q3A",
  "related_questions": "Q3A, Q3B, Q4",
  "pc1_var": 0.5626527071666385,
  "pc2_var": 0.33481214477569715,
  "n_box12_dm1": 43,
  "n_box3_dm1": 11,
  "n_controls": 6,
  "rho_pc1": -0.28317915983063097,
  "rho_pc2": -0.6590145407578445,
  "grad_score": 0.6590145407578445,
  "cv_r2_pc12_to_si": 0.39202718924914437,
  "centroid_dist_box3_to_box12dm1": 4287.153582677941,
  "mahalanobis_centroid_box3_to_box12dm1": 0.7162805930842345,
  "mahalanobis_mean_box3_to_box12dm1": 1.3559195485896405,
  "mahalanobis_median_box3_to_box12dm1": 1.4447204901910677,
  "mahalanobis_max_box3_to_box12dm1": 2.361391543311109,
  "frac_box3_inside_dm1_95ellipse": 1.0,
  "frac_box3_inside_dm1_hull": 0.8181818181818182,
  "mean_nn_dist_box3_to_box12dm1": 1964.9171803475242,
  "frac_box12dm1_inside_own_95ellipse": 0.9302325581395349,
  "hol_bhattacharyya_dm1_vs_ctrl": 1.0020980608276073,
  "hol_fisher_separation_dm1_vs_ctrl": 3.427795187922808,
  "hol_centroid_dist_dm1_vs_ctrl": 14406.342690786858,
  "hol_silhouette_dm1_vs_ctrl": 0.40720712427668015,
  "hol_frac_controls_outside_dm1_95ellipse": 0.5,
  "cln_bhattacharyya_dm1_vs_ctrl": 1.0020980608276073,
  "cln_fisher_separation_dm1_vs_ctrl": 3.427795187922808,
  "cln_centroid_dist_dm1_vs_ctrl": 14844.539155274526,
  "cln_silhouette_dm1_vs_ctrl": 0.4271813891980848,
  "cln_frac_controls_outside_dm1_95ellipse": 0.5,
  "align_centroid_dist_box3_to_box12dm1": 4287.153582677941,
  "align_mahalanobis_centroid_box3_to_box12dm1": 0.7162805930842345,
  "align_mahalanobis_mean_box3_to_box12dm1": 1.3559195485896405,
  "align_mahalanobis_median_box3_to_box12dm1": 1.4447204901910677,
  "align_mahalanobis_max_box3_to_box12dm1": 2.361391543311109,
  "align_frac_box3_inside_dm1_95ellipse": 1.0,
  "align_frac_box3_inside_dm1_hull": 0.8181818181818182,
  "align_mean_nn_dist_box3_to_box12dm1": 1964.9171803475242,
  "align_frac_box12dm1_inside_own_95ellipse": 0.9302325581395349
}