{
  "run_name": "EMSC TRIM_500_3100 ALL_SPECTRA",
  "concept": "WEIGHTS__BOX12_ALL",
  "preprocessing": "EMSC",
  "spectrum_mode": "TRIM_500_3100",
  "spectral_window": "TRIM_500_3100",
  "plot_type": "ALL_SPECTRA",
  "question_id": "Q3B",
  "primary_question_id": "Q3A",
  "related_questions": "Q3A, Q3B, Q4",
  "pc1_var": 0.6016837051732509,
  "pc2_var": 0.3361912984558429,
  "n_box12_dm1": 387,
  "n_box3_dm1": 99,
  "n_controls": 54,
  "rho_pc1": 0.37642282619591544,
  "rho_pc2": -0.609578961636758,
  "grad_score": 0.609578961636758,
  "cv_r2_pc12_to_si": 0.36480191519890226,
  "centroid_dist_box3_to_box12dm1": 6542.694395891407,
  "mahalanobis_centroid_box3_to_box12dm1": 0.6856267723200202,
  "mahalanobis_mean_box3_to_box12dm1": 1.3045632533399127,
  "mahalanobis_median_box3_to_box12dm1": 1.3383546915840991,
  "mahalanobis_max_box3_to_box12dm1": 2.6009249229883435,
  "frac_box3_inside_dm1_95ellipse": 0.98989898989899,
  "frac_box3_inside_dm1_hull": 0.98989898989899,
  "mean_nn_dist_box3_to_box12dm1": 1255.748530725545,
  "frac_box12dm1_inside_own_95ellipse": 0.937984496124031,
  "hol_bhattacharyya_dm1_vs_ctrl": 0.8861686827530338,
  "hol_fisher_separation_dm1_vs_ctrl": 3.543921534929161,
  "hol_centroid_dist_dm1_vs_ctrl": 22338.705269527865,
  "hol_silhouette_dm1_vs_ctrl": 0.41994979781254527,
  "hol_frac_controls_outside_dm1_95ellipse": 0.5925925925925926,
  "cln_bhattacharyya_dm1_vs_ctrl": 0.8861686827530338,
  "cln_fisher_separation_dm1_vs_ctrl": 3.543921534929161,
  "cln_centroid_dist_dm1_vs_ctrl": 23015.244688504274,
  "cln_silhouette_dm1_vs_ctrl": 0.4397477247286967,
  "cln_frac_controls_outside_dm1_95ellipse": 0.5925925925925926,
  "align_centroid_dist_box3_to_box12dm1": 6542.694395891407,
  "align_mahalanobis_centroid_box3_to_box12dm1": 0.6856267723200202,
  "align_mahalanobis_mean_box3_to_box12dm1": 1.3045632533399127,
  "align_mahalanobis_median_box3_to_box12dm1": 1.3383546915840991,
  "align_mahalanobis_max_box3_to_box12dm1": 2.6009249229883435,
  "align_frac_box3_inside_dm1_95ellipse": 0.98989898989899,
  "align_frac_box3_inside_dm1_hull": 0.98989898989899,
  "align_mean_nn_dist_box3_to_box12dm1": 1255.748530725545,
  "align_frac_box12dm1_inside_own_95ellipse": 0.937984496124031
}