{
  "run_name": "NORMALIZATION+SNV+SECOND DERIVATIVE TRIM_700_2800 PATIENT_AVG",
  "concept": "WEIGHTS__BOX12_ALL",
  "preprocessing": "NORMALIZATION+SNV+SECOND DERIVATIVE",
  "spectrum_mode": "TRIM_700_2800",
  "spectral_window": "TRIM_700_2800",
  "plot_type": "PATIENT_AVG",
  "question_id": "Q3B",
  "primary_question_id": "Q3A",
  "related_questions": "Q3A, Q3B, Q4",
  "pc1_var": 0.3434072195322919,
  "pc2_var": 0.08714560148058569,
  "n_box12_dm1": 43,
  "n_box3_dm1": 11,
  "n_controls": 6,
  "rho_pc1": -0.37749669866488644,
  "rho_pc2": -0.5832735548084783,
  "grad_score": 0.5832735548084783,
  "cv_r2_pc12_to_si": 0.1962231487316045,
  "centroid_dist_box3_to_box12dm1": 0.13404281279272384,
  "mahalanobis_centroid_box3_to_box12dm1": 0.5860256533144289,
  "mahalanobis_mean_box3_to_box12dm1": 0.9172654460257004,
  "mahalanobis_median_box3_to_box12dm1": 0.8579429529766565,
  "mahalanobis_max_box3_to_box12dm1": 1.8832299294007544,
  "frac_box3_inside_dm1_95ellipse": 1.0,
  "frac_box3_inside_dm1_hull": 0.6363636363636364,
  "mean_nn_dist_box3_to_box12dm1": 0.03752177500455386,
  "frac_box12dm1_inside_own_95ellipse": 0.9302325581395349,
  "hol_bhattacharyya_dm1_vs_ctrl": 1.2657222754402637,
  "hol_fisher_separation_dm1_vs_ctrl": 1.5818161614024981,
  "hol_centroid_dist_dm1_vs_ctrl": 0.3892564519613558,
  "hol_silhouette_dm1_vs_ctrl": 0.0802695312282938,
  "hol_frac_controls_outside_dm1_95ellipse": 0.0,
  "cln_bhattacharyya_dm1_vs_ctrl": 1.2657222754402637,
  "cln_fisher_separation_dm1_vs_ctrl": 1.5818161614024981,
  "cln_centroid_dist_dm1_vs_ctrl": 0.41457508495542655,
  "cln_silhouette_dm1_vs_ctrl": 0.09715079160206165,
  "cln_frac_controls_outside_dm1_95ellipse": 0.0,
  "align_centroid_dist_box3_to_box12dm1": 0.13404281279272384,
  "align_mahalanobis_centroid_box3_to_box12dm1": 0.5860256533144289,
  "align_mahalanobis_mean_box3_to_box12dm1": 0.9172654460257004,
  "align_mahalanobis_median_box3_to_box12dm1": 0.8579429529766565,
  "align_mahalanobis_max_box3_to_box12dm1": 1.8832299294007544,
  "align_frac_box3_inside_dm1_95ellipse": 1.0,
  "align_frac_box3_inside_dm1_hull": 0.6363636363636364,
  "align_mean_nn_dist_box3_to_box12dm1": 0.03752177500455386,
  "align_frac_box12dm1_inside_own_95ellipse": 0.9302325581395349
}