{
  "run_name": "NORMALIZATION TRIM_700_2800 ALL_SPECTRA",
  "concept": "WEIGHTS__BOX12_DM1_ONLY",
  "preprocessing": "NORMALIZATION",
  "spectrum_mode": "TRIM_700_2800",
  "spectral_window": "TRIM_700_2800",
  "plot_type": "ALL_SPECTRA",
  "question_id": "Q2",
  "primary_question_id": "Q2",
  "related_questions": "Q2, Q5, Q6",
  "pc1_var": 0.8338103892706507,
  "pc2_var": 0.09585229690518662,
  "n_box12_dm1": 387,
  "n_box3_dm1": 99,
  "n_controls": 54,
  "rho_pc1": 0.6092779165786055,
  "rho_pc2": 0.3242879735090175,
  "grad_score": 0.6092779165786055,
  "cv_r2_pc12_to_si": 0.32615799680950863,
  "centroid_dist_box3_to_box12dm1": 0.04543452931707734,
  "mahalanobis_centroid_box3_to_box12dm1": 0.544216449749191,
  "mahalanobis_mean_box3_to_box12dm1": 1.186150695449467,
  "mahalanobis_median_box3_to_box12dm1": 1.062144915257678,
  "mahalanobis_max_box3_to_box12dm1": 3.8770227845003093,
  "frac_box3_inside_dm1_95ellipse": 0.9090909090909091,
  "frac_box3_inside_dm1_hull": 0.98989898989899,
  "mean_nn_dist_box3_to_box12dm1": 0.004933300378773367,
  "frac_box12dm1_inside_own_95ellipse": 0.9224806201550387,
  "hol_bhattacharyya_dm1_vs_ctrl": 1.03494808662242,
  "hol_fisher_separation_dm1_vs_ctrl": 0.979026190740769,
  "hol_centroid_dist_dm1_vs_ctrl": 0.0793134110767123,
  "hol_silhouette_dm1_vs_ctrl": 0.011100170835733609,
  "hol_frac_controls_outside_dm1_95ellipse": 0.16666666666666663,
  "cln_bhattacharyya_dm1_vs_ctrl": 1.03494808662242,
  "cln_fisher_separation_dm1_vs_ctrl": 0.979026190740769,
  "cln_centroid_dist_dm1_vs_ctrl": 0.08617741179178726,
  "cln_silhouette_dm1_vs_ctrl": 0.036670575909812694,
  "cln_frac_controls_outside_dm1_95ellipse": 0.16666666666666663,
  "align_centroid_dist_box3_to_box12dm1": 0.04543452931707734,
  "align_mahalanobis_centroid_box3_to_box12dm1": 0.544216449749191,
  "align_mahalanobis_mean_box3_to_box12dm1": 1.186150695449467,
  "align_mahalanobis_median_box3_to_box12dm1": 1.062144915257678,
  "align_mahalanobis_max_box3_to_box12dm1": 3.8770227845003093,
  "align_frac_box3_inside_dm1_95ellipse": 0.9090909090909091,
  "align_frac_box3_inside_dm1_hull": 0.98989898989899,
  "align_mean_nn_dist_box3_to_box12dm1": 0.004933300378773367,
  "align_frac_box12dm1_inside_own_95ellipse": 0.9224806201550387
}