{
  "run_name": "NORMALIZATION+EMSC TRIM_700_2800 PATIENT_AVG",
  "concept": "WEIGHTS__BOX12_ALL",
  "preprocessing": "NORMALIZATION+EMSC",
  "spectrum_mode": "TRIM_700_2800",
  "spectral_window": "TRIM_700_2800",
  "plot_type": "PATIENT_AVG",
  "question_id": "Q3B",
  "primary_question_id": "Q3A",
  "related_questions": "Q3A, Q3B, Q4",
  "pc1_var": 0.7812657495785111,
  "pc2_var": 0.14951010431325312,
  "n_box12_dm1": 43,
  "n_box3_dm1": 11,
  "n_controls": 6,
  "rho_pc1": 0.6725316259870933,
  "rho_pc2": 0.4290730629753721,
  "grad_score": 0.6725316259870933,
  "cv_r2_pc12_to_si": 0.43493058620970826,
  "centroid_dist_box3_to_box12dm1": 0.05100798088690583,
  "mahalanobis_centroid_box3_to_box12dm1": 0.7135400773511609,
  "mahalanobis_mean_box3_to_box12dm1": 1.2626635732952414,
  "mahalanobis_median_box3_to_box12dm1": 1.1560924542912985,
  "mahalanobis_max_box3_to_box12dm1": 2.7400293155373427,
  "frac_box3_inside_dm1_95ellipse": 0.9090909090909091,
  "frac_box3_inside_dm1_hull": 0.8181818181818182,
  "mean_nn_dist_box3_to_box12dm1": 0.012030533908690105,
  "frac_box12dm1_inside_own_95ellipse": 0.9534883720930233,
  "hol_bhattacharyya_dm1_vs_ctrl": 1.1683111602578626,
  "hol_fisher_separation_dm1_vs_ctrl": 1.5527989165667127,
  "hol_centroid_dist_dm1_vs_ctrl": 0.08251393657784868,
  "hol_silhouette_dm1_vs_ctrl": 0.07880912514345477,
  "hol_frac_controls_outside_dm1_95ellipse": 0.5,
  "cln_bhattacharyya_dm1_vs_ctrl": 1.1683111602578626,
  "cln_fisher_separation_dm1_vs_ctrl": 1.5527989165667127,
  "cln_centroid_dist_dm1_vs_ctrl": 0.0901039543778659,
  "cln_silhouette_dm1_vs_ctrl": 0.11627137946275484,
  "cln_frac_controls_outside_dm1_95ellipse": 0.5,
  "align_centroid_dist_box3_to_box12dm1": 0.05100798088690583,
  "align_mahalanobis_centroid_box3_to_box12dm1": 0.7135400773511609,
  "align_mahalanobis_mean_box3_to_box12dm1": 1.2626635732952414,
  "align_mahalanobis_median_box3_to_box12dm1": 1.1560924542912985,
  "align_mahalanobis_max_box3_to_box12dm1": 2.7400293155373427,
  "align_frac_box3_inside_dm1_95ellipse": 0.9090909090909091,
  "align_frac_box3_inside_dm1_hull": 0.8181818181818182,
  "align_mean_nn_dist_box3_to_box12dm1": 0.012030533908690105,
  "align_frac_box12dm1_inside_own_95ellipse": 0.9534883720930233
}