{
  "run_name": "EMSC FULL_SPECTRUM PATIENT_AVG",
  "concept": "WEIGHTS__BOX12_ALL",
  "preprocessing": "EMSC",
  "spectrum_mode": "FULL_SPECTRUM",
  "spectral_window": "FULL_SPECTRUM",
  "plot_type": "PATIENT_AVG",
  "question_id": "Q3A",
  "primary_question_id": "Q3A",
  "related_questions": "Q3A, Q3B, Q4",
  "pc1_var": 0.6715150731150437,
  "pc2_var": 0.27944255879317537,
  "n_box12_dm1": 43,
  "n_box3_dm1": 11,
  "n_controls": 6,
  "rho_pc1": 0.6057768587096858,
  "rho_pc2": 0.5984519577754002,
  "grad_score": 0.6057768587096858,
  "cv_r2_pc12_to_si": 0.4512253399339894,
  "centroid_dist_box3_to_box12dm1": 12167.01251370525,
  "mahalanobis_centroid_box3_to_box12dm1": 0.8473309830330562,
  "mahalanobis_mean_box3_to_box12dm1": 1.2537082769557193,
  "mahalanobis_median_box3_to_box12dm1": 1.1398790831952494,
  "mahalanobis_max_box3_to_box12dm1": 2.544724348438376,
  "frac_box3_inside_dm1_95ellipse": 0.9090909090909091,
  "frac_box3_inside_dm1_hull": 0.8181818181818182,
  "mean_nn_dist_box3_to_box12dm1": 2728.7348478690005,
  "frac_box12dm1_inside_own_95ellipse": 0.9302325581395349,
  "hol_bhattacharyya_dm1_vs_ctrl": 0.8821192815985252,
  "hol_fisher_separation_dm1_vs_ctrl": 4.631779061513955,
  "hol_centroid_dist_dm1_vs_ctrl": 36259.94244088651,
  "hol_silhouette_dm1_vs_ctrl": 0.43543802309154916,
  "hol_frac_controls_outside_dm1_95ellipse": 0.8333333333333334,
  "cln_bhattacharyya_dm1_vs_ctrl": 0.8821192815985252,
  "cln_fisher_separation_dm1_vs_ctrl": 4.631779061513955,
  "cln_centroid_dist_dm1_vs_ctrl": 37855.88220220999,
  "cln_silhouette_dm1_vs_ctrl": 0.4657573542351794,
  "cln_frac_controls_outside_dm1_95ellipse": 0.8333333333333334,
  "align_centroid_dist_box3_to_box12dm1": 12167.01251370525,
  "align_mahalanobis_centroid_box3_to_box12dm1": 0.8473309830330562,
  "align_mahalanobis_mean_box3_to_box12dm1": 1.2537082769557193,
  "align_mahalanobis_median_box3_to_box12dm1": 1.1398790831952494,
  "align_mahalanobis_max_box3_to_box12dm1": 2.544724348438376,
  "align_frac_box3_inside_dm1_95ellipse": 0.9090909090909091,
  "align_frac_box3_inside_dm1_hull": 0.8181818181818182,
  "align_mean_nn_dist_box3_to_box12dm1": 2728.7348478690005,
  "align_frac_box12dm1_inside_own_95ellipse": 0.9302325581395349
}