{
  "run_name": "NORMALIZATION+SNV+SECOND DERIVATIVE TRIM_500_3100 PATIENT_AVG",
  "concept": "WEIGHTS__BOX12_DM1_ONLY",
  "preprocessing": "NORMALIZATION+SNV+SECOND DERIVATIVE",
  "spectrum_mode": "TRIM_500_3100",
  "spectral_window": "TRIM_500_3100",
  "plot_type": "PATIENT_AVG",
  "question_id": "Q6",
  "primary_question_id": "Q2",
  "related_questions": "Q2, Q5, Q6",
  "pc1_var": 0.32512212453511546,
  "pc2_var": 0.09616084465923286,
  "n_box12_dm1": 43,
  "n_box3_dm1": 11,
  "n_controls": 6,
  "rho_pc1": -0.5424202413502459,
  "rho_pc2": -0.45414385792571055,
  "grad_score": 0.5424202413502459,
  "cv_r2_pc12_to_si": 0.3012910685075286,
  "centroid_dist_box3_to_box12dm1": 0.2398822031298258,
  "mahalanobis_centroid_box3_to_box12dm1": 0.6645336202866068,
  "mahalanobis_mean_box3_to_box12dm1": 0.9301173911288938,
  "mahalanobis_median_box3_to_box12dm1": 0.736012075614432,
  "mahalanobis_max_box3_to_box12dm1": 1.8001262294522686,
  "frac_box3_inside_dm1_95ellipse": 1.0,
  "frac_box3_inside_dm1_hull": 0.7272727272727273,
  "mean_nn_dist_box3_to_box12dm1": 0.035783052251266094,
  "frac_box12dm1_inside_own_95ellipse": 0.9534883720930233,
  "hol_bhattacharyya_dm1_vs_ctrl": 1.5490921780690816,
  "hol_fisher_separation_dm1_vs_ctrl": 2.1078105229551207,
  "hol_centroid_dist_dm1_vs_ctrl": 0.5727663644391995,
  "hol_silhouette_dm1_vs_ctrl": 0.13812391620902403,
  "hol_frac_controls_outside_dm1_95ellipse": 0.0,
  "cln_bhattacharyya_dm1_vs_ctrl": 1.5490921780690816,
  "cln_fisher_separation_dm1_vs_ctrl": 2.1078105229551207,
  "cln_centroid_dist_dm1_vs_ctrl": 0.6205013845013957,
  "cln_silhouette_dm1_vs_ctrl": 0.18420161158502343,
  "cln_frac_controls_outside_dm1_95ellipse": 0.0,
  "align_centroid_dist_box3_to_box12dm1": 0.2398822031298258,
  "align_mahalanobis_centroid_box3_to_box12dm1": 0.6645336202866068,
  "align_mahalanobis_mean_box3_to_box12dm1": 0.9301173911288938,
  "align_mahalanobis_median_box3_to_box12dm1": 0.736012075614432,
  "align_mahalanobis_max_box3_to_box12dm1": 1.8001262294522686,
  "align_frac_box3_inside_dm1_95ellipse": 1.0,
  "align_frac_box3_inside_dm1_hull": 0.7272727272727273,
  "align_mean_nn_dist_box3_to_box12dm1": 0.035783052251266094,
  "align_frac_box12dm1_inside_own_95ellipse": 0.9534883720930233
}