{
  "run_name": "SNV+SECOND DERIVATIVE TRIM_500_3100 ALL_SPECTRA",
  "concept": "WEIGHTS__BOX12_ALL",
  "preprocessing": "SNV+SECOND DERIVATIVE",
  "spectrum_mode": "TRIM_500_3100",
  "spectral_window": "TRIM_500_3100",
  "plot_type": "ALL_SPECTRA",
  "question_id": "Q4",
  "primary_question_id": "Q3A",
  "related_questions": "Q3A, Q3B, Q4",
  "pc1_var": 0.17530866202054324,
  "pc2_var": 0.02407009025444812,
  "n_box12_dm1": 387,
  "n_box3_dm1": 99,
  "n_controls": 54,
  "rho_pc1": -0.32404657824566935,
  "rho_pc2": -0.20136465886630156,
  "grad_score": 0.32404657824566935,
  "cv_r2_pc12_to_si": 0.012498109079055908,
  "centroid_dist_box3_to_box12dm1": 0.046244298543315535,
  "mahalanobis_centroid_box3_to_box12dm1": 0.11038387543031852,
  "mahalanobis_mean_box3_to_box12dm1": 0.4316345737162002,
  "mahalanobis_median_box3_to_box12dm1": 0.3308130441088339,
  "mahalanobis_max_box3_to_box12dm1": 2.4534965862903957,
  "frac_box3_inside_dm1_95ellipse": 0.98989898989899,
  "frac_box3_inside_dm1_hull": 0.9696969696969697,
  "mean_nn_dist_box3_to_box12dm1": 0.021696139314804984,
  "frac_box12dm1_inside_own_95ellipse": 0.9689922480620154,
  "hol_bhattacharyya_dm1_vs_ctrl": 1.6198004383215512,
  "hol_fisher_separation_dm1_vs_ctrl": 0.3498111737227934,
  "hol_centroid_dist_dm1_vs_ctrl": 0.44997403325738666,
  "hol_silhouette_dm1_vs_ctrl": 0.013103382234035383,
  "hol_frac_controls_outside_dm1_95ellipse": 0.0,
  "cln_bhattacharyya_dm1_vs_ctrl": 1.6198004383215512,
  "cln_fisher_separation_dm1_vs_ctrl": 0.3498111737227934,
  "cln_centroid_dist_dm1_vs_ctrl": 0.4578428445321832,
  "cln_silhouette_dm1_vs_ctrl": 0.04316759593914691,
  "cln_frac_controls_outside_dm1_95ellipse": 0.0,
  "align_centroid_dist_box3_to_box12dm1": 0.046244298543315535,
  "align_mahalanobis_centroid_box3_to_box12dm1": 0.11038387543031852,
  "align_mahalanobis_mean_box3_to_box12dm1": 0.4316345737162002,
  "align_mahalanobis_median_box3_to_box12dm1": 0.3308130441088339,
  "align_mahalanobis_max_box3_to_box12dm1": 2.4534965862903957,
  "align_frac_box3_inside_dm1_95ellipse": 0.98989898989899,
  "align_frac_box3_inside_dm1_hull": 0.9696969696969697,
  "align_mean_nn_dist_box3_to_box12dm1": 0.021696139314804984,
  "align_frac_box12dm1_inside_own_95ellipse": 0.9689922480620154
}