{
  "run_name": "SECOND DERIVATIVE TRIM_500_3100 PATIENT_AVG",
  "concept": "WEIGHTS__BOX12_ALL",
  "preprocessing": "SECOND DERIVATIVE",
  "spectrum_mode": "TRIM_500_3100",
  "spectral_window": "TRIM_500_3100",
  "plot_type": "PATIENT_AVG",
  "question_id": "Q3A",
  "primary_question_id": "Q3A",
  "related_questions": "Q3A, Q3B, Q4",
  "pc1_var": 0.9791905552502352,
  "pc2_var": 0.003665456651127273,
  "n_box12_dm1": 43,
  "n_box3_dm1": 11,
  "n_controls": 6,
  "rho_pc1": -0.6278270759551643,
  "rho_pc2": 0.23764395092986554,
  "grad_score": 0.6278270759551643,
  "cv_r2_pc12_to_si": 0.43051497625903357,
  "centroid_dist_box3_to_box12dm1": 1373.8326079664512,
  "mahalanobis_centroid_box3_to_box12dm1": 0.637793188106894,
  "mahalanobis_mean_box3_to_box12dm1": 1.0512154344962548,
  "mahalanobis_median_box3_to_box12dm1": 1.1163559534067005,
  "mahalanobis_max_box3_to_box12dm1": 2.018031161552861,
  "frac_box3_inside_dm1_95ellipse": 1.0,
  "frac_box3_inside_dm1_hull": 1.0,
  "mean_nn_dist_box3_to_box12dm1": 128.87342268845705,
  "frac_box12dm1_inside_own_95ellipse": 0.9534883720930233,
  "hol_bhattacharyya_dm1_vs_ctrl": 0.5934621761983968,
  "hol_fisher_separation_dm1_vs_ctrl": 2.168690286362635,
  "hol_centroid_dist_dm1_vs_ctrl": 2944.6265046573103,
  "hol_silhouette_dm1_vs_ctrl": 0.17052242494559192,
  "hol_frac_controls_outside_dm1_95ellipse": 0.33333333333333337,
  "cln_bhattacharyya_dm1_vs_ctrl": 0.5934621761983968,
  "cln_fisher_separation_dm1_vs_ctrl": 2.168690286362635,
  "cln_centroid_dist_dm1_vs_ctrl": 3224.083788517335,
  "cln_silhouette_dm1_vs_ctrl": 0.20740274846477988,
  "cln_frac_controls_outside_dm1_95ellipse": 0.33333333333333337,
  "align_centroid_dist_box3_to_box12dm1": 1373.8326079664512,
  "align_mahalanobis_centroid_box3_to_box12dm1": 0.637793188106894,
  "align_mahalanobis_mean_box3_to_box12dm1": 1.0512154344962548,
  "align_mahalanobis_median_box3_to_box12dm1": 1.1163559534067005,
  "align_mahalanobis_max_box3_to_box12dm1": 2.018031161552861,
  "align_frac_box3_inside_dm1_95ellipse": 1.0,
  "align_frac_box3_inside_dm1_hull": 1.0,
  "align_mean_nn_dist_box3_to_box12dm1": 128.87342268845705,
  "align_frac_box12dm1_inside_own_95ellipse": 0.9534883720930233
}