{
  "run_name": "SNV FULL_SPECTRUM ALL_SPECTRA",
  "concept": "WEIGHTS__BOX12_DM1_ONLY",
  "preprocessing": "SNV",
  "spectrum_mode": "FULL_SPECTRUM",
  "spectral_window": "FULL_SPECTRUM",
  "plot_type": "ALL_SPECTRA",
  "question_id": "Q5",
  "primary_question_id": "Q2",
  "related_questions": "Q2, Q5, Q6",
  "pc1_var": 0.7765081495813755,
  "pc2_var": 0.13483678091698145,
  "n_box12_dm1": 387,
  "n_box3_dm1": 99,
  "n_controls": 54,
  "rho_pc1": 0.6085667791811744,
  "rho_pc2": 0.2132051431349315,
  "grad_score": 0.6085667791811744,
  "cv_r2_pc12_to_si": 0.38114575881640667,
  "centroid_dist_box3_to_box12dm1": 15.670227284881785,
  "mahalanobis_centroid_box3_to_box12dm1": 0.7928103567621668,
  "mahalanobis_mean_box3_to_box12dm1": 1.0983462078833508,
  "mahalanobis_median_box3_to_box12dm1": 1.0480797418498402,
  "mahalanobis_max_box3_to_box12dm1": 2.75496592798066,
  "frac_box3_inside_dm1_95ellipse": 0.9797979797979798,
  "frac_box3_inside_dm1_hull": 0.8888888888888888,
  "mean_nn_dist_box3_to_box12dm1": 1.027912984180299,
  "frac_box12dm1_inside_own_95ellipse": 0.9534883720930233,
  "hol_bhattacharyya_dm1_vs_ctrl": 1.6058266505475882,
  "hol_fisher_separation_dm1_vs_ctrl": 1.1355750600905978,
  "hol_centroid_dist_dm1_vs_ctrl": 18.91378600765369,
  "hol_silhouette_dm1_vs_ctrl": -0.06279263601975424,
  "hol_frac_controls_outside_dm1_95ellipse": 0.0,
  "cln_bhattacharyya_dm1_vs_ctrl": 1.6058266505475882,
  "cln_fisher_separation_dm1_vs_ctrl": 1.1355750600905978,
  "cln_centroid_dist_dm1_vs_ctrl": 21.680361908989255,
  "cln_silhouette_dm1_vs_ctrl": -0.006591486498254429,
  "cln_frac_controls_outside_dm1_95ellipse": 0.0,
  "align_centroid_dist_box3_to_box12dm1": 15.670227284881785,
  "align_mahalanobis_centroid_box3_to_box12dm1": 0.7928103567621668,
  "align_mahalanobis_mean_box3_to_box12dm1": 1.0983462078833508,
  "align_mahalanobis_median_box3_to_box12dm1": 1.0480797418498402,
  "align_mahalanobis_max_box3_to_box12dm1": 2.75496592798066,
  "align_frac_box3_inside_dm1_95ellipse": 0.9797979797979798,
  "align_frac_box3_inside_dm1_hull": 0.8888888888888888,
  "align_mean_nn_dist_box3_to_box12dm1": 1.027912984180299,
  "align_frac_box12dm1_inside_own_95ellipse": 0.9534883720930233
}