{
  "run_name": "NORMALIZATION+EMSC TRIM_500_3100 PATIENT_AVG",
  "concept": "WEIGHTS__BOX12_DM1_ONLY",
  "preprocessing": "NORMALIZATION+EMSC",
  "spectrum_mode": "TRIM_500_3100",
  "spectral_window": "TRIM_500_3100",
  "plot_type": "PATIENT_AVG",
  "question_id": "Q2",
  "primary_question_id": "Q2",
  "related_questions": "Q2, Q5, Q6",
  "pc1_var": 0.842338072042238,
  "pc2_var": 0.10583522805869433,
  "n_box12_dm1": 43,
  "n_box3_dm1": 11,
  "n_controls": 6,
  "rho_pc1": 0.6802340991344864,
  "rho_pc2": 0.2737398545029433,
  "grad_score": 0.6802340991344864,
  "cv_r2_pc12_to_si": 0.46677129344542767,
  "centroid_dist_box3_to_box12dm1": 0.07235567800306147,
  "mahalanobis_centroid_box3_to_box12dm1": 0.7657546848147918,
  "mahalanobis_mean_box3_to_box12dm1": 1.2592922570673262,
  "mahalanobis_median_box3_to_box12dm1": 1.2269081179465442,
  "mahalanobis_max_box3_to_box12dm1": 2.475205466254911,
  "frac_box3_inside_dm1_95ellipse": 0.9090909090909091,
  "frac_box3_inside_dm1_hull": 0.8181818181818182,
  "mean_nn_dist_box3_to_box12dm1": 0.016595935221361838,
  "frac_box12dm1_inside_own_95ellipse": 0.9534883720930233,
  "hol_bhattacharyya_dm1_vs_ctrl": 1.2529912208402132,
  "hol_fisher_separation_dm1_vs_ctrl": 1.7846237441329824,
  "hol_centroid_dist_dm1_vs_ctrl": 0.11589069703007882,
  "hol_silhouette_dm1_vs_ctrl": 0.10806071394553933,
  "hol_frac_controls_outside_dm1_95ellipse": 0.6666666666666667,
  "cln_bhattacharyya_dm1_vs_ctrl": 1.2529912208402132,
  "cln_fisher_separation_dm1_vs_ctrl": 1.7846237441329824,
  "cln_centroid_dist_dm1_vs_ctrl": 0.126814883468969,
  "cln_silhouette_dm1_vs_ctrl": 0.15279582947013415,
  "cln_frac_controls_outside_dm1_95ellipse": 0.6666666666666667,
  "align_centroid_dist_box3_to_box12dm1": 0.07235567800306147,
  "align_mahalanobis_centroid_box3_to_box12dm1": 0.7657546848147918,
  "align_mahalanobis_mean_box3_to_box12dm1": 1.2592922570673262,
  "align_mahalanobis_median_box3_to_box12dm1": 1.2269081179465442,
  "align_mahalanobis_max_box3_to_box12dm1": 2.475205466254911,
  "align_frac_box3_inside_dm1_95ellipse": 0.9090909090909091,
  "align_frac_box3_inside_dm1_hull": 0.8181818181818182,
  "align_mean_nn_dist_box3_to_box12dm1": 0.016595935221361838,
  "align_frac_box12dm1_inside_own_95ellipse": 0.9534883720930233
}