{
  "run_name": "NORMALIZATION+SNV TRIM_700_2800 PATIENT_AVG",
  "concept": "WEIGHTS__BOX12_ALL",
  "preprocessing": "NORMALIZATION+SNV",
  "spectrum_mode": "TRIM_700_2800",
  "spectral_window": "TRIM_700_2800",
  "plot_type": "PATIENT_AVG",
  "question_id": "Q3B",
  "primary_question_id": "Q3A",
  "related_questions": "Q3A, Q3B, Q4",
  "pc1_var": 0.6690365034547601,
  "pc2_var": 0.22306803330228778,
  "n_box12_dm1": 43,
  "n_box3_dm1": 11,
  "n_controls": 6,
  "rho_pc1": 0.07861053476898316,
  "rho_pc2": -0.08072493916238521,
  "grad_score": 0.08072493916238521,
  "cv_r2_pc12_to_si": 0.013656451839605732,
  "centroid_dist_box3_to_box12dm1": 0.5518171189895245,
  "mahalanobis_centroid_box3_to_box12dm1": 0.16875585642588303,
  "mahalanobis_mean_box3_to_box12dm1": 1.1017407882391022,
  "mahalanobis_median_box3_to_box12dm1": 0.9423905166125597,
  "mahalanobis_max_box3_to_box12dm1": 2.2556862633825197,
  "frac_box3_inside_dm1_95ellipse": 1.0,
  "frac_box3_inside_dm1_hull": 0.7272727272727273,
  "mean_nn_dist_box3_to_box12dm1": 1.0260332484870618,
  "frac_box12dm1_inside_own_95ellipse": 0.9069767441860465,
  "hol_bhattacharyya_dm1_vs_ctrl": 0.8485565729507684,
  "hol_fisher_separation_dm1_vs_ctrl": 2.2339125633560872,
  "hol_centroid_dist_dm1_vs_ctrl": 6.275386237533886,
  "hol_silhouette_dm1_vs_ctrl": 0.23455643546623198,
  "hol_frac_controls_outside_dm1_95ellipse": 0.16666666666666663,
  "cln_bhattacharyya_dm1_vs_ctrl": 0.8485565729507684,
  "cln_fisher_separation_dm1_vs_ctrl": 2.2339125633560872,
  "cln_centroid_dist_dm1_vs_ctrl": 6.386545583148013,
  "cln_silhouette_dm1_vs_ctrl": 0.23551459062931568,
  "cln_frac_controls_outside_dm1_95ellipse": 0.16666666666666663,
  "align_centroid_dist_box3_to_box12dm1": 0.5518171189895245,
  "align_mahalanobis_centroid_box3_to_box12dm1": 0.16875585642588303,
  "align_mahalanobis_mean_box3_to_box12dm1": 1.1017407882391022,
  "align_mahalanobis_median_box3_to_box12dm1": 0.9423905166125597,
  "align_mahalanobis_max_box3_to_box12dm1": 2.2556862633825197,
  "align_frac_box3_inside_dm1_95ellipse": 1.0,
  "align_frac_box3_inside_dm1_hull": 0.7272727272727273,
  "align_mean_nn_dist_box3_to_box12dm1": 1.0260332484870618,
  "align_frac_box12dm1_inside_own_95ellipse": 0.9069767441860465
}