{
  "run_name": "NORMALIZATION TRIM_500_3100 ALL_SPECTRA",
  "concept": "WEIGHTS__BOX12_ALL",
  "preprocessing": "NORMALIZATION",
  "spectrum_mode": "TRIM_500_3100",
  "spectral_window": "TRIM_500_3100",
  "plot_type": "ALL_SPECTRA",
  "question_id": "Q4",
  "primary_question_id": "Q3A",
  "related_questions": "Q3A, Q3B, Q4",
  "pc1_var": 0.8036375179984641,
  "pc2_var": 0.1352393302252127,
  "n_box12_dm1": 387,
  "n_box3_dm1": 99,
  "n_controls": 54,
  "rho_pc1": 0.6230663394588096,
  "rho_pc2": 0.42612601771649933,
  "grad_score": 0.6230663394588096,
  "cv_r2_pc12_to_si": 0.38971504689260517,
  "centroid_dist_box3_to_box12dm1": 0.06547512782236425,
  "mahalanobis_centroid_box3_to_box12dm1": 0.6302857737136824,
  "mahalanobis_mean_box3_to_box12dm1": 1.2018122445873896,
  "mahalanobis_median_box3_to_box12dm1": 1.1612704728554963,
  "mahalanobis_max_box3_to_box12dm1": 3.3999553097805166,
  "frac_box3_inside_dm1_95ellipse": 0.9797979797979798,
  "frac_box3_inside_dm1_hull": 0.98989898989899,
  "mean_nn_dist_box3_to_box12dm1": 0.007184524196092716,
  "frac_box12dm1_inside_own_95ellipse": 0.9328165374677002,
  "hol_bhattacharyya_dm1_vs_ctrl": 1.1307308869459356,
  "hol_fisher_separation_dm1_vs_ctrl": 1.3086038343040358,
  "hol_centroid_dist_dm1_vs_ctrl": 0.11428974731110057,
  "hol_silhouette_dm1_vs_ctrl": 0.06944973169821171,
  "hol_frac_controls_outside_dm1_95ellipse": 0.2592592592592593,
  "cln_bhattacharyya_dm1_vs_ctrl": 1.1307308869459356,
  "cln_fisher_separation_dm1_vs_ctrl": 1.3086038343040358,
  "cln_centroid_dist_dm1_vs_ctrl": 0.1242164365512961,
  "cln_silhouette_dm1_vs_ctrl": 0.10547466098686341,
  "cln_frac_controls_outside_dm1_95ellipse": 0.2592592592592593,
  "align_centroid_dist_box3_to_box12dm1": 0.06547512782236425,
  "align_mahalanobis_centroid_box3_to_box12dm1": 0.6302857737136824,
  "align_mahalanobis_mean_box3_to_box12dm1": 1.2018122445873896,
  "align_mahalanobis_median_box3_to_box12dm1": 1.1612704728554963,
  "align_mahalanobis_max_box3_to_box12dm1": 3.3999553097805166,
  "align_frac_box3_inside_dm1_95ellipse": 0.9797979797979798,
  "align_frac_box3_inside_dm1_hull": 0.98989898989899,
  "align_mean_nn_dist_box3_to_box12dm1": 0.007184524196092716,
  "align_frac_box12dm1_inside_own_95ellipse": 0.9328165374677002
}