{
  "run_name": "SNV TRIM_700_2800 ALL_SPECTRA",
  "concept": "WEIGHTS__BOX12_ALL",
  "preprocessing": "SNV",
  "spectrum_mode": "TRIM_700_2800",
  "spectral_window": "TRIM_700_2800",
  "plot_type": "ALL_SPECTRA",
  "question_id": "Q3A",
  "primary_question_id": "Q3A",
  "related_questions": "Q3A, Q3B, Q4",
  "pc1_var": 0.7013283349648052,
  "pc2_var": 0.1839275521248509,
  "n_box12_dm1": 387,
  "n_box3_dm1": 99,
  "n_controls": 54,
  "rho_pc1": -0.004657344134945193,
  "rho_pc2": -0.04460965826113304,
  "grad_score": 0.04460965826113304,
  "cv_r2_pc12_to_si": 0.022259308562941338,
  "centroid_dist_box3_to_box12dm1": 1.6026037980133425,
  "mahalanobis_centroid_box3_to_box12dm1": 0.1938872957649247,
  "mahalanobis_mean_box3_to_box12dm1": 0.7453112463595418,
  "mahalanobis_median_box3_to_box12dm1": 0.5421304587133198,
  "mahalanobis_max_box3_to_box12dm1": 2.9580763057251795,
  "frac_box3_inside_dm1_95ellipse": 0.98989898989899,
  "frac_box3_inside_dm1_hull": 0.9494949494949495,
  "mean_nn_dist_box3_to_box12dm1": 0.29751888735559895,
  "frac_box12dm1_inside_own_95ellipse": 0.9509043927648578,
  "hol_bhattacharyya_dm1_vs_ctrl": 1.390206942745684,
  "hol_fisher_separation_dm1_vs_ctrl": 0.6083965659993881,
  "hol_centroid_dist_dm1_vs_ctrl": 6.507188423203939,
  "hol_silhouette_dm1_vs_ctrl": 0.10381987530687768,
  "hol_frac_controls_outside_dm1_95ellipse": 0.12962962962962965,
  "cln_bhattacharyya_dm1_vs_ctrl": 1.390206942745684,
  "cln_fisher_separation_dm1_vs_ctrl": 0.6083965659993881,
  "cln_centroid_dist_dm1_vs_ctrl": 6.719673684008805,
  "cln_silhouette_dm1_vs_ctrl": 0.09365266888467692,
  "cln_frac_controls_outside_dm1_95ellipse": 0.12962962962962965,
  "align_centroid_dist_box3_to_box12dm1": 1.6026037980133425,
  "align_mahalanobis_centroid_box3_to_box12dm1": 0.1938872957649247,
  "align_mahalanobis_mean_box3_to_box12dm1": 0.7453112463595418,
  "align_mahalanobis_median_box3_to_box12dm1": 0.5421304587133198,
  "align_mahalanobis_max_box3_to_box12dm1": 2.9580763057251795,
  "align_frac_box3_inside_dm1_95ellipse": 0.98989898989899,
  "align_frac_box3_inside_dm1_hull": 0.9494949494949495,
  "align_mean_nn_dist_box3_to_box12dm1": 0.29751888735559895,
  "align_frac_box12dm1_inside_own_95ellipse": 0.9509043927648578
}