{
  "run_name": "NORMALIZATION+SNV+SECOND DERIVATIVE TRIM_700_2800 PATIENT_AVG",
  "concept": "WEIGHTS__BOX12_DM1_ONLY",
  "preprocessing": "NORMALIZATION+SNV+SECOND DERIVATIVE",
  "spectrum_mode": "TRIM_700_2800",
  "spectral_window": "TRIM_700_2800",
  "plot_type": "PATIENT_AVG",
  "question_id": "Q5",
  "primary_question_id": "Q2",
  "related_questions": "Q2, Q5, Q6",
  "pc1_var": 0.3094199670581572,
  "pc2_var": 0.09175749155498472,
  "n_box12_dm1": 43,
  "n_box3_dm1": 11,
  "n_controls": 6,
  "rho_pc1": -0.3660940178290397,
  "rho_pc2": -0.5876533924805255,
  "grad_score": 0.5876533924805255,
  "cv_r2_pc12_to_si": 0.1739475829822693,
  "centroid_dist_box3_to_box12dm1": 0.13111140121472187,
  "mahalanobis_centroid_box3_to_box12dm1": 0.5617900545175342,
  "mahalanobis_mean_box3_to_box12dm1": 0.8833963560139497,
  "mahalanobis_median_box3_to_box12dm1": 0.7955065109825764,
  "mahalanobis_max_box3_to_box12dm1": 1.8525965828258608,
  "frac_box3_inside_dm1_95ellipse": 1.0,
  "frac_box3_inside_dm1_hull": 0.6363636363636364,
  "mean_nn_dist_box3_to_box12dm1": 0.03640130144399541,
  "frac_box12dm1_inside_own_95ellipse": 0.9302325581395349,
  "hol_bhattacharyya_dm1_vs_ctrl": 1.2852916396526126,
  "hol_fisher_separation_dm1_vs_ctrl": 1.4884784683878212,
  "hol_centroid_dist_dm1_vs_ctrl": 0.37817813782192133,
  "hol_silhouette_dm1_vs_ctrl": 0.06790726344749178,
  "hol_frac_controls_outside_dm1_95ellipse": 0.0,
  "cln_bhattacharyya_dm1_vs_ctrl": 1.2852916396526126,
  "cln_fisher_separation_dm1_vs_ctrl": 1.4884784683878212,
  "cln_centroid_dist_dm1_vs_ctrl": 0.4029115162343567,
  "cln_silhouette_dm1_vs_ctrl": 0.08175265017259624,
  "cln_frac_controls_outside_dm1_95ellipse": 0.0,
  "align_centroid_dist_box3_to_box12dm1": 0.13111140121472187,
  "align_mahalanobis_centroid_box3_to_box12dm1": 0.5617900545175342,
  "align_mahalanobis_mean_box3_to_box12dm1": 0.8833963560139497,
  "align_mahalanobis_median_box3_to_box12dm1": 0.7955065109825764,
  "align_mahalanobis_max_box3_to_box12dm1": 1.8525965828258608,
  "align_frac_box3_inside_dm1_95ellipse": 1.0,
  "align_frac_box3_inside_dm1_hull": 0.6363636363636364,
  "align_mean_nn_dist_box3_to_box12dm1": 0.03640130144399541,
  "align_frac_box12dm1_inside_own_95ellipse": 0.9302325581395349
}