{
  "run_name": "RAW FULL_SPECTRUM PATIENT_AVG",
  "concept": "WEIGHTS__BOX12_ALL",
  "preprocessing": "RAW",
  "spectrum_mode": "FULL_SPECTRUM",
  "spectral_window": "FULL_SPECTRUM",
  "plot_type": "PATIENT_AVG",
  "question_id": "Q3A",
  "primary_question_id": "Q3A",
  "related_questions": "Q3A, Q3B, Q4",
  "pc1_var": 0.9735139872933681,
  "pc2_var": 0.01779963659279041,
  "n_box12_dm1": 43,
  "n_box3_dm1": 11,
  "n_controls": 6,
  "rho_pc1": -0.5694544118087436,
  "rho_pc2": 0.5255050062030295,
  "grad_score": 0.5694544118087436,
  "cv_r2_pc12_to_si": 0.41104382648716264,
  "centroid_dist_box3_to_box12dm1": 46098.85040779602,
  "mahalanobis_centroid_box3_to_box12dm1": 0.6230447176975129,
  "mahalanobis_mean_box3_to_box12dm1": 1.0129532600242348,
  "mahalanobis_median_box3_to_box12dm1": 1.141526163725157,
  "mahalanobis_max_box3_to_box12dm1": 2.123659123038052,
  "frac_box3_inside_dm1_95ellipse": 1.0,
  "frac_box3_inside_dm1_hull": 0.9090909090909091,
  "mean_nn_dist_box3_to_box12dm1": 7937.410248517887,
  "frac_box12dm1_inside_own_95ellipse": 0.9069767441860465,
  "hol_bhattacharyya_dm1_vs_ctrl": 0.8024914000089127,
  "hol_fisher_separation_dm1_vs_ctrl": 3.3710062147942073,
  "hol_centroid_dist_dm1_vs_ctrl": 135279.62022831084,
  "hol_silhouette_dm1_vs_ctrl": 0.3124973481633488,
  "hol_frac_controls_outside_dm1_95ellipse": 1.0,
  "cln_bhattacharyya_dm1_vs_ctrl": 0.8024914000089127,
  "cln_fisher_separation_dm1_vs_ctrl": 3.3710062147942073,
  "cln_centroid_dist_dm1_vs_ctrl": 144459.62526170985,
  "cln_silhouette_dm1_vs_ctrl": 0.33728766027107016,
  "cln_frac_controls_outside_dm1_95ellipse": 1.0,
  "align_centroid_dist_box3_to_box12dm1": 46098.85040779602,
  "align_mahalanobis_centroid_box3_to_box12dm1": 0.6230447176975129,
  "align_mahalanobis_mean_box3_to_box12dm1": 1.0129532600242348,
  "align_mahalanobis_median_box3_to_box12dm1": 1.141526163725157,
  "align_mahalanobis_max_box3_to_box12dm1": 2.123659123038052,
  "align_frac_box3_inside_dm1_95ellipse": 1.0,
  "align_frac_box3_inside_dm1_hull": 0.9090909090909091,
  "align_mean_nn_dist_box3_to_box12dm1": 7937.410248517887,
  "align_frac_box12dm1_inside_own_95ellipse": 0.9069767441860465
}