{
  "run_name": "RAW TRIM_500_3100 PATIENT_AVG",
  "concept": "WEIGHTS__BOX12_DM1_ONLY",
  "preprocessing": "RAW",
  "spectrum_mode": "TRIM_500_3100",
  "spectral_window": "TRIM_500_3100",
  "plot_type": "PATIENT_AVG",
  "question_id": "Q2",
  "primary_question_id": "Q2",
  "related_questions": "Q2, Q5, Q6",
  "pc1_var": 0.986175683663541,
  "pc2_var": 0.007068289137648023,
  "n_box12_dm1": 43,
  "n_box3_dm1": 11,
  "n_controls": 6,
  "rho_pc1": -0.566056261890776,
  "rho_pc2": -0.24995280507717033,
  "grad_score": 0.566056261890776,
  "cv_r2_pc12_to_si": 0.41713722218061766,
  "centroid_dist_box3_to_box12dm1": 44036.34503722754,
  "mahalanobis_centroid_box3_to_box12dm1": 0.7530281091906585,
  "mahalanobis_mean_box3_to_box12dm1": 1.1450535462139844,
  "mahalanobis_median_box3_to_box12dm1": 1.175577237597832,
  "mahalanobis_max_box3_to_box12dm1": 2.4277996804367747,
  "frac_box3_inside_dm1_95ellipse": 1.0,
  "frac_box3_inside_dm1_hull": 0.8181818181818182,
  "mean_nn_dist_box3_to_box12dm1": 5643.1134300609965,
  "frac_box12dm1_inside_own_95ellipse": 0.9767441860465116,
  "hol_bhattacharyya_dm1_vs_ctrl": 0.6224594546140884,
  "hol_fisher_separation_dm1_vs_ctrl": 3.0369955105962654,
  "hol_centroid_dist_dm1_vs_ctrl": 118241.48955299215,
  "hol_silhouette_dm1_vs_ctrl": 0.25841685367162764,
  "hol_frac_controls_outside_dm1_95ellipse": 0.33333333333333337,
  "cln_bhattacharyya_dm1_vs_ctrl": 0.6224594546140884,
  "cln_fisher_separation_dm1_vs_ctrl": 3.0369955105962654,
  "cln_centroid_dist_dm1_vs_ctrl": 127210.66962928607,
  "cln_silhouette_dm1_vs_ctrl": 0.289927029472146,
  "cln_frac_controls_outside_dm1_95ellipse": 0.33333333333333337,
  "align_centroid_dist_box3_to_box12dm1": 44036.34503722754,
  "align_mahalanobis_centroid_box3_to_box12dm1": 0.7530281091906585,
  "align_mahalanobis_mean_box3_to_box12dm1": 1.1450535462139844,
  "align_mahalanobis_median_box3_to_box12dm1": 1.175577237597832,
  "align_mahalanobis_max_box3_to_box12dm1": 2.4277996804367747,
  "align_frac_box3_inside_dm1_95ellipse": 1.0,
  "align_frac_box3_inside_dm1_hull": 0.8181818181818182,
  "align_mean_nn_dist_box3_to_box12dm1": 5643.1134300609965,
  "align_frac_box12dm1_inside_own_95ellipse": 0.9767441860465116
}