{
  "run_name": "SNV+SECOND DERIVATIVE TRIM_500_3100 PATIENT_AVG",
  "concept": "WEIGHTS__BOX12_DM1_ONLY",
  "preprocessing": "SNV+SECOND DERIVATIVE",
  "spectrum_mode": "TRIM_500_3100",
  "spectral_window": "TRIM_500_3100",
  "plot_type": "PATIENT_AVG",
  "question_id": "Q5",
  "primary_question_id": "Q2",
  "related_questions": "Q2, Q5, Q6",
  "pc1_var": 0.3251221246596764,
  "pc2_var": 0.0961608446628294,
  "n_box12_dm1": 43,
  "n_box3_dm1": 11,
  "n_controls": 6,
  "rho_pc1": -0.5424202413502459,
  "rho_pc2": -0.45414385792571055,
  "grad_score": 0.5424202413502459,
  "cv_r2_pc12_to_si": 0.30129106856234955,
  "centroid_dist_box3_to_box12dm1": 0.23988220329378798,
  "mahalanobis_centroid_box3_to_box12dm1": 0.6645336202924859,
  "mahalanobis_mean_box3_to_box12dm1": 0.9301173909943703,
  "mahalanobis_median_box3_to_box12dm1": 0.736012075636723,
  "mahalanobis_max_box3_to_box12dm1": 1.8001262291281015,
  "frac_box3_inside_dm1_95ellipse": 1.0,
  "frac_box3_inside_dm1_hull": 0.7272727272727273,
  "mean_nn_dist_box3_to_box12dm1": 0.03578305227294886,
  "frac_box12dm1_inside_own_95ellipse": 0.9534883720930233,
  "hol_bhattacharyya_dm1_vs_ctrl": 1.5490921781021743,
  "hol_fisher_separation_dm1_vs_ctrl": 2.10781052265597,
  "hol_centroid_dist_dm1_vs_ctrl": 0.572766364650009,
  "hol_silhouette_dm1_vs_ctrl": 0.1381239161423227,
  "hol_frac_controls_outside_dm1_95ellipse": 0.0,
  "cln_bhattacharyya_dm1_vs_ctrl": 1.5490921781021743,
  "cln_fisher_separation_dm1_vs_ctrl": 2.10781052265597,
  "cln_centroid_dist_dm1_vs_ctrl": 0.6205013847465053,
  "cln_silhouette_dm1_vs_ctrl": 0.18420161153409112,
  "cln_frac_controls_outside_dm1_95ellipse": 0.0,
  "align_centroid_dist_box3_to_box12dm1": 0.23988220329378798,
  "align_mahalanobis_centroid_box3_to_box12dm1": 0.6645336202924859,
  "align_mahalanobis_mean_box3_to_box12dm1": 0.9301173909943703,
  "align_mahalanobis_median_box3_to_box12dm1": 0.736012075636723,
  "align_mahalanobis_max_box3_to_box12dm1": 1.8001262291281015,
  "align_frac_box3_inside_dm1_95ellipse": 1.0,
  "align_frac_box3_inside_dm1_hull": 0.7272727272727273,
  "align_mean_nn_dist_box3_to_box12dm1": 0.03578305227294886,
  "align_frac_box12dm1_inside_own_95ellipse": 0.9534883720930233
}