{
  "run_name": "NORMALIZATION+EMSC TRIM_700_2800 PATIENT_AVG",
  "concept": "WEIGHTS__BOX12_DM1_ONLY",
  "preprocessing": "NORMALIZATION+EMSC",
  "spectrum_mode": "TRIM_700_2800",
  "spectral_window": "TRIM_700_2800",
  "plot_type": "PATIENT_AVG",
  "question_id": "Q6",
  "primary_question_id": "Q2",
  "related_questions": "Q2, Q5, Q6",
  "pc1_var": 0.8215654957278634,
  "pc2_var": 0.10815066687571002,
  "n_box12_dm1": 43,
  "n_box3_dm1": 11,
  "n_controls": 6,
  "rho_pc1": 0.6729091982002008,
  "rho_pc2": 0.2858221653223836,
  "grad_score": 0.6729091982002008,
  "cv_r2_pc12_to_si": 0.4336614743241989,
  "centroid_dist_box3_to_box12dm1": 0.05102346019761466,
  "mahalanobis_centroid_box3_to_box12dm1": 0.7136287318019584,
  "mahalanobis_mean_box3_to_box12dm1": 1.2772779877809552,
  "mahalanobis_median_box3_to_box12dm1": 1.191118085620032,
  "mahalanobis_max_box3_to_box12dm1": 2.7902689652578023,
  "frac_box3_inside_dm1_95ellipse": 0.9090909090909091,
  "frac_box3_inside_dm1_hull": 0.8181818181818182,
  "mean_nn_dist_box3_to_box12dm1": 0.01178991711743571,
  "frac_box12dm1_inside_own_95ellipse": 0.9534883720930233,
  "hol_bhattacharyya_dm1_vs_ctrl": 1.1120138544723033,
  "hol_fisher_separation_dm1_vs_ctrl": 1.4924862245934718,
  "hol_centroid_dist_dm1_vs_ctrl": 0.08075802876898434,
  "hol_silhouette_dm1_vs_ctrl": 0.06292954659395476,
  "hol_frac_controls_outside_dm1_95ellipse": 0.33333333333333337,
  "cln_bhattacharyya_dm1_vs_ctrl": 1.1120138544723033,
  "cln_fisher_separation_dm1_vs_ctrl": 1.4924862245934718,
  "cln_centroid_dist_dm1_vs_ctrl": 0.08847060454752477,
  "cln_silhouette_dm1_vs_ctrl": 0.10262508547639192,
  "cln_frac_controls_outside_dm1_95ellipse": 0.33333333333333337,
  "align_centroid_dist_box3_to_box12dm1": 0.05102346019761466,
  "align_mahalanobis_centroid_box3_to_box12dm1": 0.7136287318019584,
  "align_mahalanobis_mean_box3_to_box12dm1": 1.2772779877809552,
  "align_mahalanobis_median_box3_to_box12dm1": 1.191118085620032,
  "align_mahalanobis_max_box3_to_box12dm1": 2.7902689652578023,
  "align_frac_box3_inside_dm1_95ellipse": 0.9090909090909091,
  "align_frac_box3_inside_dm1_hull": 0.8181818181818182,
  "align_mean_nn_dist_box3_to_box12dm1": 0.01178991711743571,
  "align_frac_box12dm1_inside_own_95ellipse": 0.9534883720930233
}