{
  "run_name": "SNV+SECOND DERIVATIVE TRIM_700_2800 PATIENT_AVG",
  "concept": "WEIGHTS__BOX12_DM1_ONLY",
  "preprocessing": "SNV+SECOND DERIVATIVE",
  "spectrum_mode": "TRIM_700_2800",
  "spectral_window": "TRIM_700_2800",
  "plot_type": "PATIENT_AVG",
  "question_id": "Q6",
  "primary_question_id": "Q2",
  "related_questions": "Q2, Q5, Q6",
  "pc1_var": 0.30941996712144315,
  "pc2_var": 0.09175749157443151,
  "n_box12_dm1": 43,
  "n_box3_dm1": 11,
  "n_controls": 6,
  "rho_pc1": -0.3660940178290397,
  "rho_pc2": -0.5876533924805255,
  "grad_score": 0.5876533924805255,
  "cv_r2_pc12_to_si": 0.17394758313810244,
  "centroid_dist_box3_to_box12dm1": 0.1311114013184771,
  "mahalanobis_centroid_box3_to_box12dm1": 0.561790054623887,
  "mahalanobis_mean_box3_to_box12dm1": 0.8833963560146428,
  "mahalanobis_median_box3_to_box12dm1": 0.7955065111735349,
  "mahalanobis_max_box3_to_box12dm1": 1.8525965825979493,
  "frac_box3_inside_dm1_95ellipse": 1.0,
  "frac_box3_inside_dm1_hull": 0.6363636363636364,
  "mean_nn_dist_box3_to_box12dm1": 0.036401301461919666,
  "frac_box12dm1_inside_own_95ellipse": 0.9302325581395349,
  "hol_bhattacharyya_dm1_vs_ctrl": 1.2852916396382414,
  "hol_fisher_separation_dm1_vs_ctrl": 1.4884784685830865,
  "hol_centroid_dist_dm1_vs_ctrl": 0.3781781379605939,
  "hol_silhouette_dm1_vs_ctrl": 0.06790726343718066,
  "hol_frac_controls_outside_dm1_95ellipse": 0.0,
  "cln_bhattacharyya_dm1_vs_ctrl": 1.2852916396382414,
  "cln_fisher_separation_dm1_vs_ctrl": 1.4884784685830865,
  "cln_centroid_dist_dm1_vs_ctrl": 0.4029115163952086,
  "cln_silhouette_dm1_vs_ctrl": 0.08175265019450678,
  "cln_frac_controls_outside_dm1_95ellipse": 0.0,
  "align_centroid_dist_box3_to_box12dm1": 0.1311114013184771,
  "align_mahalanobis_centroid_box3_to_box12dm1": 0.561790054623887,
  "align_mahalanobis_mean_box3_to_box12dm1": 0.8833963560146428,
  "align_mahalanobis_median_box3_to_box12dm1": 0.7955065111735349,
  "align_mahalanobis_max_box3_to_box12dm1": 1.8525965825979493,
  "align_frac_box3_inside_dm1_95ellipse": 1.0,
  "align_frac_box3_inside_dm1_hull": 0.6363636363636364,
  "align_mean_nn_dist_box3_to_box12dm1": 0.036401301461919666,
  "align_frac_box12dm1_inside_own_95ellipse": 0.9302325581395349
}