{
  "run_name": "NORMALIZATION FULL_SPECTRUM PATIENT_AVG",
  "concept": "WEIGHTS__BOX12_DM1_ONLY",
  "preprocessing": "NORMALIZATION",
  "spectrum_mode": "FULL_SPECTRUM",
  "spectral_window": "FULL_SPECTRUM",
  "plot_type": "PATIENT_AVG",
  "question_id": "Q2",
  "primary_question_id": "Q2",
  "related_questions": "Q2, Q5, Q6",
  "pc1_var": 0.8531623597615158,
  "pc2_var": 0.08662155504064294,
  "n_box12_dm1": 43,
  "n_box3_dm1": 11,
  "n_controls": 6,
  "rho_pc1": 0.6409665889713055,
  "rho_pc2": 0.08223522801481524,
  "grad_score": 0.6409665889713055,
  "cv_r2_pc12_to_si": 0.43693293750404505,
  "centroid_dist_box3_to_box12dm1": 0.12390376107108422,
  "mahalanobis_centroid_box3_to_box12dm1": 0.867339539029531,
  "mahalanobis_mean_box3_to_box12dm1": 1.2252192924146783,
  "mahalanobis_median_box3_to_box12dm1": 1.3066923414586558,
  "mahalanobis_max_box3_to_box12dm1": 2.0429263716341466,
  "frac_box3_inside_dm1_95ellipse": 1.0,
  "frac_box3_inside_dm1_hull": 0.8181818181818182,
  "mean_nn_dist_box3_to_box12dm1": 0.017918521744631478,
  "frac_box12dm1_inside_own_95ellipse": 0.9767441860465116,
  "hol_bhattacharyya_dm1_vs_ctrl": 1.521186079336709,
  "hol_fisher_separation_dm1_vs_ctrl": 1.773264597320037,
  "hol_centroid_dist_dm1_vs_ctrl": 0.16436799841609287,
  "hol_silhouette_dm1_vs_ctrl": 0.05566389945237802,
  "hol_frac_controls_outside_dm1_95ellipse": 0.5,
  "cln_bhattacharyya_dm1_vs_ctrl": 1.521186079336709,
  "cln_fisher_separation_dm1_vs_ctrl": 1.773264597320037,
  "cln_centroid_dist_dm1_vs_ctrl": 0.18580991975397007,
  "cln_silhouette_dm1_vs_ctrl": 0.12110134156318197,
  "cln_frac_controls_outside_dm1_95ellipse": 0.5,
  "align_centroid_dist_box3_to_box12dm1": 0.12390376107108422,
  "align_mahalanobis_centroid_box3_to_box12dm1": 0.867339539029531,
  "align_mahalanobis_mean_box3_to_box12dm1": 1.2252192924146783,
  "align_mahalanobis_median_box3_to_box12dm1": 1.3066923414586558,
  "align_mahalanobis_max_box3_to_box12dm1": 2.0429263716341466,
  "align_frac_box3_inside_dm1_95ellipse": 1.0,
  "align_frac_box3_inside_dm1_hull": 0.8181818181818182,
  "align_mean_nn_dist_box3_to_box12dm1": 0.017918521744631478,
  "align_frac_box12dm1_inside_own_95ellipse": 0.9767441860465116
}