{
  "run_name": "NORMALIZATION+SNV FULL_SPECTRUM ALL_SPECTRA",
  "concept": "WEIGHTS__BOX12_DM1_ONLY",
  "preprocessing": "NORMALIZATION+SNV",
  "spectrum_mode": "FULL_SPECTRUM",
  "spectral_window": "FULL_SPECTRUM",
  "plot_type": "ALL_SPECTRA",
  "question_id": "Q5",
  "primary_question_id": "Q2",
  "related_questions": "Q2, Q5, Q6",
  "pc1_var": 0.7765081495933631,
  "pc2_var": 0.13483678091928827,
  "n_box12_dm1": 387,
  "n_box3_dm1": 99,
  "n_controls": 54,
  "rho_pc1": 0.6085667791811744,
  "rho_pc2": 0.2132051431349315,
  "grad_score": 0.6085667791811744,
  "cv_r2_pc12_to_si": 0.3811457588168803,
  "centroid_dist_box3_to_box12dm1": 15.670227282595079,
  "mahalanobis_centroid_box3_to_box12dm1": 0.7928103567659931,
  "mahalanobis_mean_box3_to_box12dm1": 1.0983462078890238,
  "mahalanobis_median_box3_to_box12dm1": 1.0480797418848837,
  "mahalanobis_max_box3_to_box12dm1": 2.7549659279255807,
  "frac_box3_inside_dm1_95ellipse": 0.9797979797979798,
  "frac_box3_inside_dm1_hull": 0.8888888888888888,
  "mean_nn_dist_box3_to_box12dm1": 1.0279129840371266,
  "frac_box12dm1_inside_own_95ellipse": 0.9534883720930233,
  "hol_bhattacharyya_dm1_vs_ctrl": 1.605826650515306,
  "hol_fisher_separation_dm1_vs_ctrl": 1.135575060124003,
  "hol_centroid_dist_dm1_vs_ctrl": 18.913786005042663,
  "hol_silhouette_dm1_vs_ctrl": -0.0627926360097424,
  "hol_frac_controls_outside_dm1_95ellipse": 0.0,
  "cln_bhattacharyya_dm1_vs_ctrl": 1.605826650515306,
  "cln_fisher_separation_dm1_vs_ctrl": 1.135575060124003,
  "cln_centroid_dist_dm1_vs_ctrl": 21.68036190596459,
  "cln_silhouette_dm1_vs_ctrl": -0.006591486487383882,
  "cln_frac_controls_outside_dm1_95ellipse": 0.0,
  "align_centroid_dist_box3_to_box12dm1": 15.670227282595079,
  "align_mahalanobis_centroid_box3_to_box12dm1": 0.7928103567659931,
  "align_mahalanobis_mean_box3_to_box12dm1": 1.0983462078890238,
  "align_mahalanobis_median_box3_to_box12dm1": 1.0480797418848837,
  "align_mahalanobis_max_box3_to_box12dm1": 2.7549659279255807,
  "align_frac_box3_inside_dm1_95ellipse": 0.9797979797979798,
  "align_frac_box3_inside_dm1_hull": 0.8888888888888888,
  "align_mean_nn_dist_box3_to_box12dm1": 1.0279129840371266,
  "align_frac_box12dm1_inside_own_95ellipse": 0.9534883720930233
}