{
  "run_name": "SECOND DERIVATIVE TRIM_700_2800 ALL_SPECTRA",
  "concept": "WEIGHTS__BOX12_DM1_ONLY",
  "preprocessing": "SECOND DERIVATIVE",
  "spectrum_mode": "TRIM_700_2800",
  "spectral_window": "TRIM_700_2800",
  "plot_type": "ALL_SPECTRA",
  "question_id": "Q6",
  "primary_question_id": "Q2",
  "related_questions": "Q2, Q5, Q6",
  "pc1_var": 0.8930975665693773,
  "pc2_var": 0.0031242313620498197,
  "n_box12_dm1": 387,
  "n_box3_dm1": 99,
  "n_controls": 54,
  "rho_pc1": -0.6026288285140269,
  "rho_pc2": 0.2138277378682001,
  "grad_score": 0.6026288285140269,
  "cv_r2_pc12_to_si": 0.39984904097630547,
  "centroid_dist_box3_to_box12dm1": 1373.3660759928373,
  "mahalanobis_centroid_box3_to_box12dm1": 0.6108446475726935,
  "mahalanobis_mean_box3_to_box12dm1": 1.2080575861868998,
  "mahalanobis_median_box3_to_box12dm1": 1.1112798283788832,
  "mahalanobis_max_box3_to_box12dm1": 2.7239464523947814,
  "frac_box3_inside_dm1_95ellipse": 0.9292929292929293,
  "frac_box3_inside_dm1_hull": 0.9696969696969697,
  "mean_nn_dist_box3_to_box12dm1": 64.31219657137633,
  "frac_box12dm1_inside_own_95ellipse": 0.9198966408268734,
  "hol_bhattacharyya_dm1_vs_ctrl": 0.47510752714068477,
  "hol_fisher_separation_dm1_vs_ctrl": 1.937063385083759,
  "hol_centroid_dist_dm1_vs_ctrl": 2940.567469311267,
  "hol_silhouette_dm1_vs_ctrl": 0.1899550997968052,
  "hol_frac_controls_outside_dm1_95ellipse": 0.31481481481481477,
  "cln_bhattacharyya_dm1_vs_ctrl": 0.47510752714068477,
  "cln_fisher_separation_dm1_vs_ctrl": 1.937063385083759,
  "cln_centroid_dist_dm1_vs_ctrl": 3220.218883738836,
  "cln_silhouette_dm1_vs_ctrl": 0.23436059351131766,
  "cln_frac_controls_outside_dm1_95ellipse": 0.31481481481481477,
  "align_centroid_dist_box3_to_box12dm1": 1373.3660759928373,
  "align_mahalanobis_centroid_box3_to_box12dm1": 0.6108446475726935,
  "align_mahalanobis_mean_box3_to_box12dm1": 1.2080575861868998,
  "align_mahalanobis_median_box3_to_box12dm1": 1.1112798283788832,
  "align_mahalanobis_max_box3_to_box12dm1": 2.7239464523947814,
  "align_frac_box3_inside_dm1_95ellipse": 0.9292929292929293,
  "align_frac_box3_inside_dm1_hull": 0.9696969696969697,
  "align_mean_nn_dist_box3_to_box12dm1": 64.31219657137633,
  "align_frac_box12dm1_inside_own_95ellipse": 0.9198966408268734
}