{
  "run_name": "EMSC TRIM_700_2800 PATIENT_AVG",
  "concept": "WEIGHTS__BOX12_DM1_ONLY",
  "preprocessing": "EMSC",
  "spectrum_mode": "TRIM_700_2800",
  "spectral_window": "TRIM_700_2800",
  "plot_type": "PATIENT_AVG",
  "question_id": "Q6",
  "primary_question_id": "Q2",
  "related_questions": "Q2, Q5, Q6",
  "pc1_var": 0.6202197918378934,
  "pc2_var": 0.23013990576795043,
  "n_box12_dm1": 43,
  "n_box3_dm1": 11,
  "n_controls": 6,
  "rho_pc1": 0.6255616426765193,
  "rho_pc2": 0.4064187301889216,
  "grad_score": 0.6255616426765193,
  "cv_r2_pc12_to_si": 0.40423962319616913,
  "centroid_dist_box3_to_box12dm1": 4296.885984505743,
  "mahalanobis_centroid_box3_to_box12dm1": 0.7164442990353899,
  "mahalanobis_mean_box3_to_box12dm1": 1.3130323714734007,
  "mahalanobis_median_box3_to_box12dm1": 1.456786778236007,
  "mahalanobis_max_box3_to_box12dm1": 2.3295828253372575,
  "frac_box3_inside_dm1_95ellipse": 1.0,
  "frac_box3_inside_dm1_hull": 0.7272727272727273,
  "mean_nn_dist_box3_to_box12dm1": 1909.5572838308958,
  "frac_box12dm1_inside_own_95ellipse": 0.9534883720930233,
  "hol_bhattacharyya_dm1_vs_ctrl": 0.9667684211284858,
  "hol_fisher_separation_dm1_vs_ctrl": 3.5440620548632595,
  "hol_centroid_dist_dm1_vs_ctrl": 14486.858688627992,
  "hol_silhouette_dm1_vs_ctrl": 0.40660203566283765,
  "hol_frac_controls_outside_dm1_95ellipse": 0.5,
  "cln_bhattacharyya_dm1_vs_ctrl": 0.9667684211284858,
  "cln_fisher_separation_dm1_vs_ctrl": 3.5440620548632595,
  "cln_centroid_dist_dm1_vs_ctrl": 14921.605171172394,
  "cln_silhouette_dm1_vs_ctrl": 0.42642299950844237,
  "cln_frac_controls_outside_dm1_95ellipse": 0.5,
  "align_centroid_dist_box3_to_box12dm1": 4296.885984505743,
  "align_mahalanobis_centroid_box3_to_box12dm1": 0.7164442990353899,
  "align_mahalanobis_mean_box3_to_box12dm1": 1.3130323714734007,
  "align_mahalanobis_median_box3_to_box12dm1": 1.456786778236007,
  "align_mahalanobis_max_box3_to_box12dm1": 2.3295828253372575,
  "align_frac_box3_inside_dm1_95ellipse": 1.0,
  "align_frac_box3_inside_dm1_hull": 0.7272727272727273,
  "align_mean_nn_dist_box3_to_box12dm1": 1909.5572838308958,
  "align_frac_box12dm1_inside_own_95ellipse": 0.9534883720930233
}