{
  "run_name": "NORMALIZATION FULL_SPECTRUM PATIENT_AVG",
  "concept": "WEIGHTS__BOX12_ALL",
  "preprocessing": "NORMALIZATION",
  "spectrum_mode": "FULL_SPECTRUM",
  "spectral_window": "FULL_SPECTRUM",
  "plot_type": "PATIENT_AVG",
  "question_id": "Q3A",
  "primary_question_id": "Q3A",
  "related_questions": "Q3A, Q3B, Q4",
  "pc1_var": 0.822273583914559,
  "pc2_var": 0.11620717680628594,
  "n_box12_dm1": 43,
  "n_box3_dm1": 11,
  "n_controls": 6,
  "rho_pc1": 0.6337927169222629,
  "rho_pc2": 0.3125542780103951,
  "grad_score": 0.6337927169222629,
  "cv_r2_pc12_to_si": 0.44070526787510256,
  "centroid_dist_box3_to_box12dm1": 0.12407830602879354,
  "mahalanobis_centroid_box3_to_box12dm1": 0.8718771280864681,
  "mahalanobis_mean_box3_to_box12dm1": 1.2609141628877378,
  "mahalanobis_median_box3_to_box12dm1": 1.3074505097848326,
  "mahalanobis_max_box3_to_box12dm1": 2.243500303274352,
  "frac_box3_inside_dm1_95ellipse": 1.0,
  "frac_box3_inside_dm1_hull": 0.7272727272727273,
  "mean_nn_dist_box3_to_box12dm1": 0.01982548166794412,
  "frac_box12dm1_inside_own_95ellipse": 0.9767441860465116,
  "hol_bhattacharyya_dm1_vs_ctrl": 1.6861159490569304,
  "hol_fisher_separation_dm1_vs_ctrl": 1.990283899058908,
  "hol_centroid_dist_dm1_vs_ctrl": 0.17577658986968672,
  "hol_silhouette_dm1_vs_ctrl": 0.10958669439787012,
  "hol_frac_controls_outside_dm1_95ellipse": 0.8333333333333334,
  "cln_bhattacharyya_dm1_vs_ctrl": 1.6861159490569304,
  "cln_fisher_separation_dm1_vs_ctrl": 1.990283899058908,
  "cln_centroid_dist_dm1_vs_ctrl": 0.1963806108041386,
  "cln_silhouette_dm1_vs_ctrl": 0.1687050337201548,
  "cln_frac_controls_outside_dm1_95ellipse": 0.8333333333333334,
  "align_centroid_dist_box3_to_box12dm1": 0.12407830602879354,
  "align_mahalanobis_centroid_box3_to_box12dm1": 0.8718771280864681,
  "align_mahalanobis_mean_box3_to_box12dm1": 1.2609141628877378,
  "align_mahalanobis_median_box3_to_box12dm1": 1.3074505097848326,
  "align_mahalanobis_max_box3_to_box12dm1": 2.243500303274352,
  "align_frac_box3_inside_dm1_95ellipse": 1.0,
  "align_frac_box3_inside_dm1_hull": 0.7272727272727273,
  "align_mean_nn_dist_box3_to_box12dm1": 0.01982548166794412,
  "align_frac_box12dm1_inside_own_95ellipse": 0.9767441860465116
}