{
  "run_name": "SECOND DERIVATIVE TRIM_500_3100 ALL_SPECTRA",
  "concept": "WEIGHTS__BOX12_DM1_ONLY",
  "preprocessing": "SECOND DERIVATIVE",
  "spectrum_mode": "TRIM_500_3100",
  "spectral_window": "TRIM_500_3100",
  "plot_type": "ALL_SPECTRA",
  "question_id": "Q2",
  "primary_question_id": "Q2",
  "related_questions": "Q2, Q5, Q6",
  "pc1_var": 0.8696843194855279,
  "pc2_var": 0.0031726727402023687,
  "n_box12_dm1": 387,
  "n_box3_dm1": 99,
  "n_controls": 54,
  "rho_pc1": -0.6026651776077359,
  "rho_pc2": 0.21845991724596228,
  "grad_score": 0.6026651776077359,
  "cv_r2_pc12_to_si": 0.3999834236852178,
  "centroid_dist_box3_to_box12dm1": 1373.2975751324448,
  "mahalanobis_centroid_box3_to_box12dm1": 0.6116947819936961,
  "mahalanobis_mean_box3_to_box12dm1": 1.1906904273097925,
  "mahalanobis_median_box3_to_box12dm1": 1.1111814762826748,
  "mahalanobis_max_box3_to_box12dm1": 2.663455195373127,
  "frac_box3_inside_dm1_95ellipse": 0.9393939393939394,
  "frac_box3_inside_dm1_hull": 0.9797979797979798,
  "mean_nn_dist_box3_to_box12dm1": 64.3765172279109,
  "frac_box12dm1_inside_own_95ellipse": 0.9224806201550387,
  "hol_bhattacharyya_dm1_vs_ctrl": 0.461562547040071,
  "hol_fisher_separation_dm1_vs_ctrl": 1.9366504538884193,
  "hol_centroid_dist_dm1_vs_ctrl": 2940.8051104658066,
  "hol_silhouette_dm1_vs_ctrl": 0.18976979517313947,
  "hol_frac_controls_outside_dm1_95ellipse": 0.2962962962962963,
  "cln_bhattacharyya_dm1_vs_ctrl": 0.461562547040071,
  "cln_fisher_separation_dm1_vs_ctrl": 1.9366504538884193,
  "cln_centroid_dist_dm1_vs_ctrl": 3220.4540604443573,
  "cln_silhouette_dm1_vs_ctrl": 0.23421938466989287,
  "cln_frac_controls_outside_dm1_95ellipse": 0.2962962962962963,
  "align_centroid_dist_box3_to_box12dm1": 1373.2975751324448,
  "align_mahalanobis_centroid_box3_to_box12dm1": 0.6116947819936961,
  "align_mahalanobis_mean_box3_to_box12dm1": 1.1906904273097925,
  "align_mahalanobis_median_box3_to_box12dm1": 1.1111814762826748,
  "align_mahalanobis_max_box3_to_box12dm1": 2.663455195373127,
  "align_frac_box3_inside_dm1_95ellipse": 0.9393939393939394,
  "align_frac_box3_inside_dm1_hull": 0.9797979797979798,
  "align_mean_nn_dist_box3_to_box12dm1": 64.3765172279109,
  "align_frac_box12dm1_inside_own_95ellipse": 0.9224806201550387
}