{
  "run_name": "SNV+SECOND DERIVATIVE FULL_SPECTRUM PATIENT_AVG",
  "concept": "WEIGHTS__BOX12_ALL",
  "preprocessing": "SNV+SECOND DERIVATIVE",
  "spectrum_mode": "FULL_SPECTRUM",
  "spectral_window": "FULL_SPECTRUM",
  "plot_type": "PATIENT_AVG",
  "question_id": "Q4",
  "primary_question_id": "Q3A",
  "related_questions": "Q3A, Q3B, Q4",
  "pc1_var": 0.571396787321567,
  "pc2_var": 0.0285073725669242,
  "n_box12_dm1": 43,
  "n_box3_dm1": 11,
  "n_controls": 6,
  "rho_pc1": 0.09537474103095651,
  "rho_pc2": 0.2925429507156972,
  "grad_score": 0.2925429507156972,
  "cv_r2_pc12_to_si": 0.10521930273975955,
  "centroid_dist_box3_to_box12dm1": 0.15461222135719854,
  "mahalanobis_centroid_box3_to_box12dm1": 0.4687035570381276,
  "mahalanobis_mean_box3_to_box12dm1": 0.7254347276814274,
  "mahalanobis_median_box3_to_box12dm1": 0.6297984843674782,
  "mahalanobis_max_box3_to_box12dm1": 1.3296157084309261,
  "frac_box3_inside_dm1_95ellipse": 1.0,
  "frac_box3_inside_dm1_hull": 0.9090909090909091,
  "mean_nn_dist_box3_to_box12dm1": 0.04125143447926639,
  "frac_box12dm1_inside_own_95ellipse": 0.8837209302325582,
  "hol_bhattacharyya_dm1_vs_ctrl": 1.073722727586744,
  "hol_fisher_separation_dm1_vs_ctrl": 0.5078825032696157,
  "hol_centroid_dist_dm1_vs_ctrl": 0.44219829343668504,
  "hol_silhouette_dm1_vs_ctrl": -0.040838153390946035,
  "hol_frac_controls_outside_dm1_95ellipse": 0.0,
  "cln_bhattacharyya_dm1_vs_ctrl": 1.073722727586744,
  "cln_fisher_separation_dm1_vs_ctrl": 0.5078825032696157,
  "cln_centroid_dist_dm1_vs_ctrl": 0.41445493535962513,
  "cln_silhouette_dm1_vs_ctrl": -0.0627299098644134,
  "cln_frac_controls_outside_dm1_95ellipse": 0.0,
  "align_centroid_dist_box3_to_box12dm1": 0.15461222135719854,
  "align_mahalanobis_centroid_box3_to_box12dm1": 0.4687035570381276,
  "align_mahalanobis_mean_box3_to_box12dm1": 0.7254347276814274,
  "align_mahalanobis_median_box3_to_box12dm1": 0.6297984843674782,
  "align_mahalanobis_max_box3_to_box12dm1": 1.3296157084309261,
  "align_frac_box3_inside_dm1_95ellipse": 1.0,
  "align_frac_box3_inside_dm1_hull": 0.9090909090909091,
  "align_mean_nn_dist_box3_to_box12dm1": 0.04125143447926639,
  "align_frac_box12dm1_inside_own_95ellipse": 0.8837209302325582
}