{
  "run_name": "SNV TRIM_700_2800 ALL_SPECTRA",
  "concept": "WEIGHTS__BOX12_DM1_ONLY",
  "preprocessing": "SNV",
  "spectrum_mode": "TRIM_700_2800",
  "spectral_window": "TRIM_700_2800",
  "plot_type": "ALL_SPECTRA",
  "question_id": "Q5",
  "primary_question_id": "Q2",
  "related_questions": "Q2, Q5, Q6",
  "pc1_var": 0.7264534216863673,
  "pc2_var": 0.15760679213297102,
  "n_box12_dm1": 387,
  "n_box3_dm1": 99,
  "n_controls": 54,
  "rho_pc1": -0.000987017698400432,
  "rho_pc2": -0.050876614827747295,
  "grad_score": 0.050876614827747295,
  "cv_r2_pc12_to_si": 0.022307770434632945,
  "centroid_dist_box3_to_box12dm1": 1.602974133875718,
  "mahalanobis_centroid_box3_to_box12dm1": 0.19397687620137477,
  "mahalanobis_mean_box3_to_box12dm1": 0.7458533232125351,
  "mahalanobis_median_box3_to_box12dm1": 0.5414053952529978,
  "mahalanobis_max_box3_to_box12dm1": 2.9745484628875882,
  "frac_box3_inside_dm1_95ellipse": 0.98989898989899,
  "frac_box3_inside_dm1_hull": 0.9494949494949495,
  "mean_nn_dist_box3_to_box12dm1": 0.2948791120587135,
  "frac_box12dm1_inside_own_95ellipse": 0.9509043927648578,
  "hol_bhattacharyya_dm1_vs_ctrl": 1.3902209862944732,
  "hol_fisher_separation_dm1_vs_ctrl": 0.6042622708476675,
  "hol_centroid_dist_dm1_vs_ctrl": 6.484044907596103,
  "hol_silhouette_dm1_vs_ctrl": 0.10151884409693336,
  "hol_frac_controls_outside_dm1_95ellipse": 0.12962962962962965,
  "cln_bhattacharyya_dm1_vs_ctrl": 1.3902209862944732,
  "cln_fisher_separation_dm1_vs_ctrl": 0.6042622708476675,
  "cln_centroid_dist_dm1_vs_ctrl": 6.6974758189528725,
  "cln_silhouette_dm1_vs_ctrl": 0.09157220045955197,
  "cln_frac_controls_outside_dm1_95ellipse": 0.12962962962962965,
  "align_centroid_dist_box3_to_box12dm1": 1.602974133875718,
  "align_mahalanobis_centroid_box3_to_box12dm1": 0.19397687620137477,
  "align_mahalanobis_mean_box3_to_box12dm1": 0.7458533232125351,
  "align_mahalanobis_median_box3_to_box12dm1": 0.5414053952529978,
  "align_mahalanobis_max_box3_to_box12dm1": 2.9745484628875882,
  "align_frac_box3_inside_dm1_95ellipse": 0.98989898989899,
  "align_frac_box3_inside_dm1_hull": 0.9494949494949495,
  "align_mean_nn_dist_box3_to_box12dm1": 0.2948791120587135,
  "align_frac_box12dm1_inside_own_95ellipse": 0.9509043927648578
}