{
  "run_name": "SECOND DERIVATIVE TRIM_700_2800 ALL_SPECTRA",
  "concept": "WEIGHTS__BOX12_ALL",
  "preprocessing": "SECOND DERIVATIVE",
  "spectrum_mode": "TRIM_700_2800",
  "spectral_window": "TRIM_700_2800",
  "plot_type": "ALL_SPECTRA",
  "question_id": "Q4",
  "primary_question_id": "Q3A",
  "related_questions": "Q3A, Q3B, Q4",
  "pc1_var": 0.8997774421564044,
  "pc2_var": 0.003191076907031084,
  "n_box12_dm1": 387,
  "n_box3_dm1": 99,
  "n_controls": 54,
  "rho_pc1": -0.6026754299162177,
  "rho_pc2": 0.2178876520270597,
  "grad_score": 0.6026754299162177,
  "cv_r2_pc12_to_si": 0.39432443651469484,
  "centroid_dist_box3_to_box12dm1": 1373.7566304869686,
  "mahalanobis_centroid_box3_to_box12dm1": 0.6065532353143701,
  "mahalanobis_mean_box3_to_box12dm1": 1.1153849471506847,
  "mahalanobis_median_box3_to_box12dm1": 1.1336552146187047,
  "mahalanobis_max_box3_to_box12dm1": 2.870548175898969,
  "frac_box3_inside_dm1_95ellipse": 0.9696969696969697,
  "frac_box3_inside_dm1_hull": 0.9696969696969697,
  "mean_nn_dist_box3_to_box12dm1": 60.57579566802366,
  "frac_box12dm1_inside_own_95ellipse": 0.9354005167958657,
  "hol_bhattacharyya_dm1_vs_ctrl": 0.5152341464340239,
  "hol_fisher_separation_dm1_vs_ctrl": 1.939836807324625,
  "hol_centroid_dist_dm1_vs_ctrl": 2943.544447277599,
  "hol_silhouette_dm1_vs_ctrl": 0.19234355835798309,
  "hol_frac_controls_outside_dm1_95ellipse": 0.37037037037037035,
  "cln_bhattacharyya_dm1_vs_ctrl": 0.5152341464340239,
  "cln_fisher_separation_dm1_vs_ctrl": 1.939836807324625,
  "cln_centroid_dist_dm1_vs_ctrl": 3222.9797686123147,
  "cln_silhouette_dm1_vs_ctrl": 0.23599070427434196,
  "cln_frac_controls_outside_dm1_95ellipse": 0.37037037037037035,
  "align_centroid_dist_box3_to_box12dm1": 1373.7566304869686,
  "align_mahalanobis_centroid_box3_to_box12dm1": 0.6065532353143701,
  "align_mahalanobis_mean_box3_to_box12dm1": 1.1153849471506847,
  "align_mahalanobis_median_box3_to_box12dm1": 1.1336552146187047,
  "align_mahalanobis_max_box3_to_box12dm1": 2.870548175898969,
  "align_frac_box3_inside_dm1_95ellipse": 0.9696969696969697,
  "align_frac_box3_inside_dm1_hull": 0.9696969696969697,
  "align_mean_nn_dist_box3_to_box12dm1": 60.57579566802366,
  "align_frac_box12dm1_inside_own_95ellipse": 0.9354005167958657
}