{
  "run_name": "SECOND DERIVATIVE FULL_SPECTRUM ALL_SPECTRA",
  "concept": "WEIGHTS__BOX12_ALL",
  "preprocessing": "SECOND DERIVATIVE",
  "spectrum_mode": "FULL_SPECTRUM",
  "spectral_window": "FULL_SPECTRUM",
  "plot_type": "ALL_SPECTRA",
  "question_id": "Q4",
  "primary_question_id": "Q3A",
  "related_questions": "Q3A, Q3B, Q4",
  "pc1_var": 0.8493205674514449,
  "pc2_var": 0.0032105805791075343,
  "n_box12_dm1": 387,
  "n_box3_dm1": 99,
  "n_controls": 54,
  "rho_pc1": -0.6025775669716171,
  "rho_pc2": 0.22646603814233596,
  "grad_score": 0.6025775669716171,
  "cv_r2_pc12_to_si": 0.3941536917814056,
  "centroid_dist_box3_to_box12dm1": 1373.6046564753092,
  "mahalanobis_centroid_box3_to_box12dm1": 0.6042747397301655,
  "mahalanobis_mean_box3_to_box12dm1": 1.090939644973277,
  "mahalanobis_median_box3_to_box12dm1": 1.1261418457818093,
  "mahalanobis_max_box3_to_box12dm1": 2.7955014818418857,
  "frac_box3_inside_dm1_95ellipse": 0.9797979797979798,
  "frac_box3_inside_dm1_hull": 0.9797979797979798,
  "mean_nn_dist_box3_to_box12dm1": 59.42359813617084,
  "frac_box12dm1_inside_own_95ellipse": 0.9250645994832042,
  "hol_bhattacharyya_dm1_vs_ctrl": 0.5187006386695233,
  "hol_fisher_separation_dm1_vs_ctrl": 1.941442970817882,
  "hol_centroid_dist_dm1_vs_ctrl": 2946.491414307956,
  "hol_silhouette_dm1_vs_ctrl": 0.1929182017934828,
  "hol_frac_controls_outside_dm1_95ellipse": 0.40740740740740744,
  "cln_bhattacharyya_dm1_vs_ctrl": 0.5187006386695233,
  "cln_fisher_separation_dm1_vs_ctrl": 1.941442970817882,
  "cln_centroid_dist_dm1_vs_ctrl": 3225.900676066293,
  "cln_silhouette_dm1_vs_ctrl": 0.23642270604241697,
  "cln_frac_controls_outside_dm1_95ellipse": 0.40740740740740744,
  "align_centroid_dist_box3_to_box12dm1": 1373.6046564753092,
  "align_mahalanobis_centroid_box3_to_box12dm1": 0.6042747397301655,
  "align_mahalanobis_mean_box3_to_box12dm1": 1.090939644973277,
  "align_mahalanobis_median_box3_to_box12dm1": 1.1261418457818093,
  "align_mahalanobis_max_box3_to_box12dm1": 2.7955014818418857,
  "align_frac_box3_inside_dm1_95ellipse": 0.9797979797979798,
  "align_frac_box3_inside_dm1_hull": 0.9797979797979798,
  "align_mean_nn_dist_box3_to_box12dm1": 59.42359813617084,
  "align_frac_box12dm1_inside_own_95ellipse": 0.9250645994832042
}