{
  "run_name": "SNV+SECOND DERIVATIVE TRIM_700_2800 ALL_SPECTRA",
  "concept": "WEIGHTS__BOX12_ALL",
  "preprocessing": "SNV+SECOND DERIVATIVE",
  "spectrum_mode": "TRIM_700_2800",
  "spectral_window": "TRIM_700_2800",
  "plot_type": "ALL_SPECTRA",
  "question_id": "Q4",
  "primary_question_id": "Q3A",
  "related_questions": "Q3A, Q3B, Q4",
  "pc1_var": 0.20826054930278393,
  "pc2_var": 0.07019692710772737,
  "n_box12_dm1": 387,
  "n_box3_dm1": 99,
  "n_controls": 54,
  "rho_pc1": -0.21413810320679064,
  "rho_pc2": 0.29347326232439513,
  "grad_score": 0.29347326232439513,
  "cv_r2_pc12_to_si": 0.007698741907583129,
  "centroid_dist_box3_to_box12dm1": 0.060047355090901526,
  "mahalanobis_centroid_box3_to_box12dm1": 0.0817831853606247,
  "mahalanobis_mean_box3_to_box12dm1": 0.3016220731857875,
  "mahalanobis_median_box3_to_box12dm1": 0.16186427017210644,
  "mahalanobis_max_box3_to_box12dm1": 1.6856695305074725,
  "frac_box3_inside_dm1_95ellipse": 1.0,
  "frac_box3_inside_dm1_hull": 0.9696969696969697,
  "mean_nn_dist_box3_to_box12dm1": 0.019059055775162453,
  "frac_box12dm1_inside_own_95ellipse": 0.9741602067183462,
  "hol_bhattacharyya_dm1_vs_ctrl": 1.9108758442301224,
  "hol_fisher_separation_dm1_vs_ctrl": 0.0841665356513439,
  "hol_centroid_dist_dm1_vs_ctrl": 0.2675837412169016,
  "hol_silhouette_dm1_vs_ctrl": -0.09199505370955054,
  "hol_frac_controls_outside_dm1_95ellipse": 0.0,
  "cln_bhattacharyya_dm1_vs_ctrl": 1.9108758442301224,
  "cln_fisher_separation_dm1_vs_ctrl": 0.0841665356513439,
  "cln_centroid_dist_dm1_vs_ctrl": 0.25904839392581486,
  "cln_silhouette_dm1_vs_ctrl": -0.0829960250771279,
  "cln_frac_controls_outside_dm1_95ellipse": 0.0,
  "align_centroid_dist_box3_to_box12dm1": 0.060047355090901526,
  "align_mahalanobis_centroid_box3_to_box12dm1": 0.0817831853606247,
  "align_mahalanobis_mean_box3_to_box12dm1": 0.3016220731857875,
  "align_mahalanobis_median_box3_to_box12dm1": 0.16186427017210644,
  "align_mahalanobis_max_box3_to_box12dm1": 1.6856695305074725,
  "align_frac_box3_inside_dm1_95ellipse": 1.0,
  "align_frac_box3_inside_dm1_hull": 0.9696969696969697,
  "align_mean_nn_dist_box3_to_box12dm1": 0.019059055775162453,
  "align_frac_box12dm1_inside_own_95ellipse": 0.9741602067183462
}