{
  "run_name": "SECOND DERIVATIVE TRIM_500_3100 PATIENT_AVG",
  "concept": "WEIGHTS__BOX12_DM1_ONLY",
  "preprocessing": "SECOND DERIVATIVE",
  "spectrum_mode": "TRIM_500_3100",
  "spectral_window": "TRIM_500_3100",
  "plot_type": "PATIENT_AVG",
  "question_id": "Q2",
  "primary_question_id": "Q2",
  "related_questions": "Q2, Q5, Q6",
  "pc1_var": 0.9783393384461502,
  "pc2_var": 0.0036795575845169235,
  "n_box12_dm1": 43,
  "n_box3_dm1": 11,
  "n_controls": 6,
  "rho_pc1": -0.6273739892994352,
  "rho_pc2": 0.2154427047991441,
  "grad_score": 0.6273739892994352,
  "cv_r2_pc12_to_si": 0.43513504427568317,
  "centroid_dist_box3_to_box12dm1": 1373.2615998358863,
  "mahalanobis_centroid_box3_to_box12dm1": 0.6337476840436465,
  "mahalanobis_mean_box3_to_box12dm1": 1.1324283368062658,
  "mahalanobis_median_box3_to_box12dm1": 1.1301458849079633,
  "mahalanobis_max_box3_to_box12dm1": 2.044564033178644,
  "frac_box3_inside_dm1_95ellipse": 1.0,
  "frac_box3_inside_dm1_hull": 1.0,
  "mean_nn_dist_box3_to_box12dm1": 145.57127652152778,
  "frac_box12dm1_inside_own_95ellipse": 0.9302325581395349,
  "hol_bhattacharyya_dm1_vs_ctrl": 0.5225412275360559,
  "hol_fisher_separation_dm1_vs_ctrl": 2.1646294257897223,
  "hol_centroid_dist_dm1_vs_ctrl": 2940.877747783498,
  "hol_silhouette_dm1_vs_ctrl": 0.16701353029138374,
  "hol_frac_controls_outside_dm1_95ellipse": 0.33333333333333337,
  "cln_bhattacharyya_dm1_vs_ctrl": 0.5225412275360559,
  "cln_fisher_separation_dm1_vs_ctrl": 2.1646294257897223,
  "cln_centroid_dist_dm1_vs_ctrl": 3220.517998121229,
  "cln_silhouette_dm1_vs_ctrl": 0.2048551421181963,
  "cln_frac_controls_outside_dm1_95ellipse": 0.33333333333333337,
  "align_centroid_dist_box3_to_box12dm1": 1373.2615998358863,
  "align_mahalanobis_centroid_box3_to_box12dm1": 0.6337476840436465,
  "align_mahalanobis_mean_box3_to_box12dm1": 1.1324283368062658,
  "align_mahalanobis_median_box3_to_box12dm1": 1.1301458849079633,
  "align_mahalanobis_max_box3_to_box12dm1": 2.044564033178644,
  "align_frac_box3_inside_dm1_95ellipse": 1.0,
  "align_frac_box3_inside_dm1_hull": 1.0,
  "align_mean_nn_dist_box3_to_box12dm1": 145.57127652152778,
  "align_frac_box12dm1_inside_own_95ellipse": 0.9302325581395349
}