{
  "run_name": "RAW TRIM_500_3100 ALL_SPECTRA",
  "concept": "WEIGHTS__BOX12_ALL",
  "preprocessing": "RAW",
  "spectrum_mode": "TRIM_500_3100",
  "spectral_window": "TRIM_500_3100",
  "plot_type": "ALL_SPECTRA",
  "question_id": "Q4",
  "primary_question_id": "Q3A",
  "related_questions": "Q3A, Q3B, Q4",
  "pc1_var": 0.9808857946224245,
  "pc2_var": 0.011025680775159776,
  "n_box12_dm1": 387,
  "n_box3_dm1": 99,
  "n_controls": 54,
  "rho_pc1": -0.579831422562304,
  "rho_pc2": 0.4636774276018189,
  "grad_score": 0.579831422562304,
  "cv_r2_pc12_to_si": 0.3650297428181071,
  "centroid_dist_box3_to_box12dm1": 43937.7075540488,
  "mahalanobis_centroid_box3_to_box12dm1": 0.602711920833153,
  "mahalanobis_mean_box3_to_box12dm1": 1.1972801292394442,
  "mahalanobis_median_box3_to_box12dm1": 1.2242095984025585,
  "mahalanobis_max_box3_to_box12dm1": 2.668087938668357,
  "frac_box3_inside_dm1_95ellipse": 0.9696969696969697,
  "frac_box3_inside_dm1_hull": 0.9696969696969697,
  "mean_nn_dist_box3_to_box12dm1": 2818.120595555949,
  "frac_box12dm1_inside_own_95ellipse": 0.9354005167958657,
  "hol_bhattacharyya_dm1_vs_ctrl": 0.7463844780701825,
  "hol_fisher_separation_dm1_vs_ctrl": 2.776535073012456,
  "hol_centroid_dist_dm1_vs_ctrl": 119925.86182482104,
  "hol_silhouette_dm1_vs_ctrl": 0.29671646128411355,
  "hol_frac_controls_outside_dm1_95ellipse": 0.6296296296296297,
  "cln_bhattacharyya_dm1_vs_ctrl": 0.7463844780701825,
  "cln_fisher_separation_dm1_vs_ctrl": 2.776535073012456,
  "cln_centroid_dist_dm1_vs_ctrl": 128758.66109090977,
  "cln_silhouette_dm1_vs_ctrl": 0.3328258238812571,
  "cln_frac_controls_outside_dm1_95ellipse": 0.6296296296296297,
  "align_centroid_dist_box3_to_box12dm1": 43937.7075540488,
  "align_mahalanobis_centroid_box3_to_box12dm1": 0.602711920833153,
  "align_mahalanobis_mean_box3_to_box12dm1": 1.1972801292394442,
  "align_mahalanobis_median_box3_to_box12dm1": 1.2242095984025585,
  "align_mahalanobis_max_box3_to_box12dm1": 2.668087938668357,
  "align_frac_box3_inside_dm1_95ellipse": 0.9696969696969697,
  "align_frac_box3_inside_dm1_hull": 0.9696969696969697,
  "align_mean_nn_dist_box3_to_box12dm1": 2818.120595555949,
  "align_frac_box12dm1_inside_own_95ellipse": 0.9354005167958657
}