{
  "run_name": "NORMALIZATION+EMSC TRIM_500_3100 PATIENT_AVG",
  "concept": "WEIGHTS__BOX12_ALL",
  "preprocessing": "NORMALIZATION+EMSC",
  "spectrum_mode": "TRIM_500_3100",
  "spectral_window": "TRIM_500_3100",
  "plot_type": "PATIENT_AVG",
  "question_id": "Q3A",
  "primary_question_id": "Q3A",
  "related_questions": "Q3A, Q3B, Q4",
  "pc1_var": 0.801945146657261,
  "pc2_var": 0.14872669782987796,
  "n_box12_dm1": 43,
  "n_box3_dm1": 11,
  "n_controls": 6,
  "rho_pc1": 0.6726826548723362,
  "rho_pc2": 0.43805928164733077,
  "grad_score": 0.6726826548723362,
  "cv_r2_pc12_to_si": 0.46612104110247365,
  "centroid_dist_box3_to_box12dm1": 0.07238143663163016,
  "mahalanobis_centroid_box3_to_box12dm1": 0.764489400031621,
  "mahalanobis_mean_box3_to_box12dm1": 1.2623509654665992,
  "mahalanobis_median_box3_to_box12dm1": 1.2254052524191241,
  "mahalanobis_max_box3_to_box12dm1": 2.478247003351822,
  "frac_box3_inside_dm1_95ellipse": 0.9090909090909091,
  "frac_box3_inside_dm1_hull": 0.8181818181818182,
  "mean_nn_dist_box3_to_box12dm1": 0.016790875630435978,
  "frac_box12dm1_inside_own_95ellipse": 0.9534883720930233,
  "hol_bhattacharyya_dm1_vs_ctrl": 1.2858697558608618,
  "hol_fisher_separation_dm1_vs_ctrl": 1.8261748469880394,
  "hol_centroid_dist_dm1_vs_ctrl": 0.11730655511635285,
  "hol_silhouette_dm1_vs_ctrl": 0.11686492821628607,
  "hol_frac_controls_outside_dm1_95ellipse": 0.6666666666666667,
  "cln_bhattacharyya_dm1_vs_ctrl": 1.2858697558608618,
  "cln_fisher_separation_dm1_vs_ctrl": 1.8261748469880394,
  "cln_centroid_dist_dm1_vs_ctrl": 0.12819425383913519,
  "cln_silhouette_dm1_vs_ctrl": 0.16106846403059458,
  "cln_frac_controls_outside_dm1_95ellipse": 0.6666666666666667,
  "align_centroid_dist_box3_to_box12dm1": 0.07238143663163016,
  "align_mahalanobis_centroid_box3_to_box12dm1": 0.764489400031621,
  "align_mahalanobis_mean_box3_to_box12dm1": 1.2623509654665992,
  "align_mahalanobis_median_box3_to_box12dm1": 1.2254052524191241,
  "align_mahalanobis_max_box3_to_box12dm1": 2.478247003351822,
  "align_frac_box3_inside_dm1_95ellipse": 0.9090909090909091,
  "align_frac_box3_inside_dm1_hull": 0.8181818181818182,
  "align_mean_nn_dist_box3_to_box12dm1": 0.016790875630435978,
  "align_frac_box12dm1_inside_own_95ellipse": 0.9534883720930233
}