{
  "run_name": "SNV TRIM_500_3100 PATIENT_AVG",
  "concept": "WEIGHTS__BOX12_ALL",
  "preprocessing": "SNV",
  "spectrum_mode": "TRIM_500_3100",
  "spectral_window": "TRIM_500_3100",
  "plot_type": "PATIENT_AVG",
  "question_id": "Q3B",
  "primary_question_id": "Q3A",
  "related_questions": "Q3A, Q3B, Q4",
  "pc1_var": 0.6369951572547292,
  "pc2_var": 0.25164750947346703,
  "n_box12_dm1": 43,
  "n_box3_dm1": 11,
  "n_controls": 6,
  "rho_pc1": 0.4524070257454161,
  "rho_pc2": 0.49401548362986347,
  "grad_score": 0.49401548362986347,
  "cv_r2_pc12_to_si": 0.34456523768751246,
  "centroid_dist_box3_to_box12dm1": 4.487806553804621,
  "mahalanobis_centroid_box3_to_box12dm1": 0.7483992365444411,
  "mahalanobis_mean_box3_to_box12dm1": 1.040236547390557,
  "mahalanobis_median_box3_to_box12dm1": 0.9669678172685674,
  "mahalanobis_max_box3_to_box12dm1": 2.073937701897219,
  "frac_box3_inside_dm1_95ellipse": 1.0,
  "frac_box3_inside_dm1_hull": 0.7272727272727273,
  "mean_nn_dist_box3_to_box12dm1": 1.01756400801552,
  "frac_box12dm1_inside_own_95ellipse": 0.8837209302325582,
  "hol_bhattacharyya_dm1_vs_ctrl": 1.2693875840308595,
  "hol_fisher_separation_dm1_vs_ctrl": 1.802106044488066,
  "hol_centroid_dist_dm1_vs_ctrl": 9.999636113123499,
  "hol_silhouette_dm1_vs_ctrl": 0.17237325129824907,
  "hol_frac_controls_outside_dm1_95ellipse": 0.16666666666666663,
  "cln_bhattacharyya_dm1_vs_ctrl": 1.2693875840308595,
  "cln_fisher_separation_dm1_vs_ctrl": 1.802106044488066,
  "cln_centroid_dist_dm1_vs_ctrl": 10.503038763337084,
  "cln_silhouette_dm1_vs_ctrl": 0.18238975021708378,
  "cln_frac_controls_outside_dm1_95ellipse": 0.16666666666666663,
  "align_centroid_dist_box3_to_box12dm1": 4.487806553804621,
  "align_mahalanobis_centroid_box3_to_box12dm1": 0.7483992365444411,
  "align_mahalanobis_mean_box3_to_box12dm1": 1.040236547390557,
  "align_mahalanobis_median_box3_to_box12dm1": 0.9669678172685674,
  "align_mahalanobis_max_box3_to_box12dm1": 2.073937701897219,
  "align_frac_box3_inside_dm1_95ellipse": 1.0,
  "align_frac_box3_inside_dm1_hull": 0.7272727272727273,
  "align_mean_nn_dist_box3_to_box12dm1": 1.01756400801552,
  "align_frac_box12dm1_inside_own_95ellipse": 0.8837209302325582
}