{
  "run_name": "NORMALIZATION+SNV+SECOND DERIVATIVE TRIM_500_3100 ALL_SPECTRA",
  "concept": "WEIGHTS__BOX12_DM1_ONLY",
  "preprocessing": "NORMALIZATION+SNV+SECOND DERIVATIVE",
  "spectrum_mode": "TRIM_500_3100",
  "spectral_window": "TRIM_500_3100",
  "plot_type": "ALL_SPECTRA",
  "question_id": "Q6",
  "primary_question_id": "Q2",
  "related_questions": "Q2, Q5, Q6",
  "pc1_var": 0.17132575550189452,
  "pc2_var": 0.024490451633243746,
  "n_box12_dm1": 387,
  "n_box3_dm1": 99,
  "n_controls": 54,
  "rho_pc1": -0.32175472128592747,
  "rho_pc2": -0.18485471409815687,
  "grad_score": 0.32175472128592747,
  "cv_r2_pc12_to_si": 0.011175239655513813,
  "centroid_dist_box3_to_box12dm1": 0.04337146342438946,
  "mahalanobis_centroid_box3_to_box12dm1": 0.10095619617830812,
  "mahalanobis_mean_box3_to_box12dm1": 0.4254690149592777,
  "mahalanobis_median_box3_to_box12dm1": 0.3275020180367473,
  "mahalanobis_max_box3_to_box12dm1": 2.442188691535371,
  "frac_box3_inside_dm1_95ellipse": 1.0,
  "frac_box3_inside_dm1_hull": 0.9696969696969697,
  "mean_nn_dist_box3_to_box12dm1": 0.021412374637232636,
  "frac_box12dm1_inside_own_95ellipse": 0.9689922480620154,
  "hol_bhattacharyya_dm1_vs_ctrl": 1.6317474423003582,
  "hol_fisher_separation_dm1_vs_ctrl": 0.34338461240377643,
  "hol_centroid_dist_dm1_vs_ctrl": 0.44622430547206426,
  "hol_silhouette_dm1_vs_ctrl": 0.011275073048363927,
  "hol_frac_controls_outside_dm1_95ellipse": 0.0,
  "cln_bhattacharyya_dm1_vs_ctrl": 1.6317474423003582,
  "cln_fisher_separation_dm1_vs_ctrl": 0.34338461240377643,
  "cln_centroid_dist_dm1_vs_ctrl": 0.4536882126181383,
  "cln_silhouette_dm1_vs_ctrl": 0.041123752194436466,
  "cln_frac_controls_outside_dm1_95ellipse": 0.0,
  "align_centroid_dist_box3_to_box12dm1": 0.04337146342438946,
  "align_mahalanobis_centroid_box3_to_box12dm1": 0.10095619617830812,
  "align_mahalanobis_mean_box3_to_box12dm1": 0.4254690149592777,
  "align_mahalanobis_median_box3_to_box12dm1": 0.3275020180367473,
  "align_mahalanobis_max_box3_to_box12dm1": 2.442188691535371,
  "align_frac_box3_inside_dm1_95ellipse": 1.0,
  "align_frac_box3_inside_dm1_hull": 0.9696969696969697,
  "align_mean_nn_dist_box3_to_box12dm1": 0.021412374637232636,
  "align_frac_box12dm1_inside_own_95ellipse": 0.9689922480620154
}