{
  "run_name": "EMSC FULL_SPECTRUM PATIENT_AVG",
  "concept": "WEIGHTS__BOX12_DM1_ONLY",
  "preprocessing": "EMSC",
  "spectrum_mode": "FULL_SPECTRUM",
  "spectral_window": "FULL_SPECTRUM",
  "plot_type": "PATIENT_AVG",
  "question_id": "Q6",
  "primary_question_id": "Q2",
  "related_questions": "Q2, Q5, Q6",
  "pc1_var": 0.7414016092144787,
  "pc2_var": 0.19280352896726455,
  "n_box12_dm1": 43,
  "n_box3_dm1": 11,
  "n_controls": 6,
  "rho_pc1": 0.6362846935287725,
  "rho_pc2": 0.34004153512462165,
  "grad_score": 0.6362846935287725,
  "cv_r2_pc12_to_si": 0.451131648377066,
  "centroid_dist_box3_to_box12dm1": 12151.943868717686,
  "mahalanobis_centroid_box3_to_box12dm1": 0.845383321785345,
  "mahalanobis_mean_box3_to_box12dm1": 1.2515891667363634,
  "mahalanobis_median_box3_to_box12dm1": 1.113923948942298,
  "mahalanobis_max_box3_to_box12dm1": 2.6374019355392626,
  "frac_box3_inside_dm1_95ellipse": 0.9090909090909091,
  "frac_box3_inside_dm1_hull": 0.8181818181818182,
  "mean_nn_dist_box3_to_box12dm1": 3038.0721357972184,
  "frac_box12dm1_inside_own_95ellipse": 0.9534883720930233,
  "hol_bhattacharyya_dm1_vs_ctrl": 0.8746165780205677,
  "hol_fisher_separation_dm1_vs_ctrl": 4.669778020927453,
  "hol_centroid_dist_dm1_vs_ctrl": 36065.284902531064,
  "hol_silhouette_dm1_vs_ctrl": 0.4322915479048363,
  "hol_frac_controls_outside_dm1_95ellipse": 0.8333333333333334,
  "cln_bhattacharyya_dm1_vs_ctrl": 0.8746165780205677,
  "cln_fisher_separation_dm1_vs_ctrl": 4.669778020927453,
  "cln_centroid_dist_dm1_vs_ctrl": 37660.81972347135,
  "cln_silhouette_dm1_vs_ctrl": 0.4630557576558944,
  "cln_frac_controls_outside_dm1_95ellipse": 0.8333333333333334,
  "align_centroid_dist_box3_to_box12dm1": 12151.943868717686,
  "align_mahalanobis_centroid_box3_to_box12dm1": 0.845383321785345,
  "align_mahalanobis_mean_box3_to_box12dm1": 1.2515891667363634,
  "align_mahalanobis_median_box3_to_box12dm1": 1.113923948942298,
  "align_mahalanobis_max_box3_to_box12dm1": 2.6374019355392626,
  "align_frac_box3_inside_dm1_95ellipse": 0.9090909090909091,
  "align_frac_box3_inside_dm1_hull": 0.8181818181818182,
  "align_mean_nn_dist_box3_to_box12dm1": 3038.0721357972184,
  "align_frac_box12dm1_inside_own_95ellipse": 0.9534883720930233
}