{
  "run_name": "NORMALIZATION TRIM_500_3100 PATIENT_AVG",
  "concept": "WEIGHTS__BOX12_ALL",
  "preprocessing": "NORMALIZATION",
  "spectrum_mode": "TRIM_500_3100",
  "spectral_window": "TRIM_500_3100",
  "plot_type": "PATIENT_AVG",
  "question_id": "Q4",
  "primary_question_id": "Q3A",
  "related_questions": "Q3A, Q3B, Q4",
  "pc1_var": 0.8012196520045874,
  "pc2_var": 0.14790333064385455,
  "n_box12_dm1": 43,
  "n_box3_dm1": 11,
  "n_controls": 6,
  "rho_pc1": 0.6726826548723362,
  "rho_pc2": 0.43805928164733077,
  "grad_score": 0.6726826548723362,
  "cv_r2_pc12_to_si": 0.4653848026631531,
  "centroid_dist_box3_to_box12dm1": 0.07251078484018311,
  "mahalanobis_centroid_box3_to_box12dm1": 0.7638357764231184,
  "mahalanobis_mean_box3_to_box12dm1": 1.261131682085795,
  "mahalanobis_median_box3_to_box12dm1": 1.2226237831673046,
  "mahalanobis_max_box3_to_box12dm1": 2.478026575181603,
  "frac_box3_inside_dm1_95ellipse": 0.9090909090909091,
  "frac_box3_inside_dm1_hull": 0.8181818181818182,
  "mean_nn_dist_box3_to_box12dm1": 0.01677291968530921,
  "frac_box12dm1_inside_own_95ellipse": 0.9534883720930233,
  "hol_bhattacharyya_dm1_vs_ctrl": 1.2884532645007671,
  "hol_fisher_separation_dm1_vs_ctrl": 1.816720735457501,
  "hol_centroid_dist_dm1_vs_ctrl": 0.11726531500266799,
  "hol_silhouette_dm1_vs_ctrl": 0.1156955010474504,
  "hol_frac_controls_outside_dm1_95ellipse": 0.6666666666666667,
  "cln_bhattacharyya_dm1_vs_ctrl": 1.2884532645007671,
  "cln_fisher_separation_dm1_vs_ctrl": 1.816720735457501,
  "cln_centroid_dist_dm1_vs_ctrl": 0.12817109899051035,
  "cln_silhouette_dm1_vs_ctrl": 0.15972084417958526,
  "cln_frac_controls_outside_dm1_95ellipse": 0.6666666666666667,
  "align_centroid_dist_box3_to_box12dm1": 0.07251078484018311,
  "align_mahalanobis_centroid_box3_to_box12dm1": 0.7638357764231184,
  "align_mahalanobis_mean_box3_to_box12dm1": 1.261131682085795,
  "align_mahalanobis_median_box3_to_box12dm1": 1.2226237831673046,
  "align_mahalanobis_max_box3_to_box12dm1": 2.478026575181603,
  "align_frac_box3_inside_dm1_95ellipse": 0.9090909090909091,
  "align_frac_box3_inside_dm1_hull": 0.8181818181818182,
  "align_mean_nn_dist_box3_to_box12dm1": 0.01677291968530921,
  "align_frac_box12dm1_inside_own_95ellipse": 0.9534883720930233
}