{
  "run_name": "SNV TRIM_700_2800 PATIENT_AVG",
  "concept": "WEIGHTS__BOX12_DM1_ONLY",
  "preprocessing": "SNV",
  "spectrum_mode": "TRIM_700_2800",
  "spectral_window": "TRIM_700_2800",
  "plot_type": "PATIENT_AVG",
  "question_id": "Q2",
  "primary_question_id": "Q2",
  "related_questions": "Q2, Q5, Q6",
  "pc1_var": 0.6156688248662111,
  "pc2_var": 0.2591772179695059,
  "n_box12_dm1": 43,
  "n_box3_dm1": 11,
  "n_controls": 6,
  "rho_pc1": -0.06328110291681835,
  "rho_pc2": -0.10488956080126573,
  "grad_score": 0.10488956080126573,
  "cv_r2_pc12_to_si": 0.01315545921418304,
  "centroid_dist_box3_to_box12dm1": 0.5696186792446449,
  "mahalanobis_centroid_box3_to_box12dm1": 0.17070922445498388,
  "mahalanobis_mean_box3_to_box12dm1": 1.1011985051428093,
  "mahalanobis_median_box3_to_box12dm1": 0.9320940273714869,
  "mahalanobis_max_box3_to_box12dm1": 2.2555763605024386,
  "frac_box3_inside_dm1_95ellipse": 1.0,
  "frac_box3_inside_dm1_hull": 0.7272727272727273,
  "mean_nn_dist_box3_to_box12dm1": 1.0218933018552165,
  "frac_box12dm1_inside_own_95ellipse": 0.9069767441860465,
  "hol_bhattacharyya_dm1_vs_ctrl": 0.8426155134299071,
  "hol_fisher_separation_dm1_vs_ctrl": 2.185987393934242,
  "hol_centroid_dist_dm1_vs_ctrl": 6.205075110977066,
  "hol_silhouette_dm1_vs_ctrl": 0.22783650796415525,
  "hol_frac_controls_outside_dm1_95ellipse": 0.16666666666666663,
  "cln_bhattacharyya_dm1_vs_ctrl": 0.8426155134299071,
  "cln_fisher_separation_dm1_vs_ctrl": 2.185987393934242,
  "cln_centroid_dist_dm1_vs_ctrl": 6.320430157214268,
  "cln_silhouette_dm1_vs_ctrl": 0.22948240937459752,
  "cln_frac_controls_outside_dm1_95ellipse": 0.16666666666666663,
  "align_centroid_dist_box3_to_box12dm1": 0.5696186792446449,
  "align_mahalanobis_centroid_box3_to_box12dm1": 0.17070922445498388,
  "align_mahalanobis_mean_box3_to_box12dm1": 1.1011985051428093,
  "align_mahalanobis_median_box3_to_box12dm1": 0.9320940273714869,
  "align_mahalanobis_max_box3_to_box12dm1": 2.2555763605024386,
  "align_frac_box3_inside_dm1_95ellipse": 1.0,
  "align_frac_box3_inside_dm1_hull": 0.7272727272727273,
  "align_mean_nn_dist_box3_to_box12dm1": 1.0218933018552165,
  "align_frac_box12dm1_inside_own_95ellipse": 0.9069767441860465
}