{
  "run_name": "NORMALIZATION+SNV TRIM_700_2800 PATIENT_AVG",
  "concept": "WEIGHTS__BOX12_DM1_ONLY",
  "preprocessing": "NORMALIZATION+SNV",
  "spectrum_mode": "TRIM_700_2800",
  "spectral_window": "TRIM_700_2800",
  "plot_type": "PATIENT_AVG",
  "question_id": "Q5",
  "primary_question_id": "Q2",
  "related_questions": "Q2, Q5, Q6",
  "pc1_var": 0.6156688248518896,
  "pc2_var": 0.2591772179673873,
  "n_box12_dm1": 43,
  "n_box3_dm1": 11,
  "n_controls": 6,
  "rho_pc1": -0.06328110291681835,
  "rho_pc2": -0.10488956080126573,
  "grad_score": 0.10488956080126573,
  "cv_r2_pc12_to_si": 0.013155459212625287,
  "centroid_dist_box3_to_box12dm1": 0.5696186791871275,
  "mahalanobis_centroid_box3_to_box12dm1": 0.17070922446087208,
  "mahalanobis_mean_box3_to_box12dm1": 1.101198505198178,
  "mahalanobis_median_box3_to_box12dm1": 0.9320940273958989,
  "mahalanobis_max_box3_to_box12dm1": 2.255576360621894,
  "frac_box3_inside_dm1_95ellipse": 1.0,
  "frac_box3_inside_dm1_hull": 0.7272727272727273,
  "mean_nn_dist_box3_to_box12dm1": 1.021893301753198,
  "frac_box12dm1_inside_own_95ellipse": 0.9069767441860465,
  "hol_bhattacharyya_dm1_vs_ctrl": 0.8426155134585496,
  "hol_fisher_separation_dm1_vs_ctrl": 2.185987394066704,
  "hol_centroid_dist_dm1_vs_ctrl": 6.205075110201982,
  "hol_silhouette_dm1_vs_ctrl": 0.22783650797491334,
  "hol_frac_controls_outside_dm1_95ellipse": 0.16666666666666663,
  "cln_bhattacharyya_dm1_vs_ctrl": 0.8426155134585496,
  "cln_fisher_separation_dm1_vs_ctrl": 2.185987394066704,
  "cln_centroid_dist_dm1_vs_ctrl": 6.32043015642804,
  "cln_silhouette_dm1_vs_ctrl": 0.22948240939025502,
  "cln_frac_controls_outside_dm1_95ellipse": 0.16666666666666663,
  "align_centroid_dist_box3_to_box12dm1": 0.5696186791871275,
  "align_mahalanobis_centroid_box3_to_box12dm1": 0.17070922446087208,
  "align_mahalanobis_mean_box3_to_box12dm1": 1.101198505198178,
  "align_mahalanobis_median_box3_to_box12dm1": 0.9320940273958989,
  "align_mahalanobis_max_box3_to_box12dm1": 2.255576360621894,
  "align_frac_box3_inside_dm1_95ellipse": 1.0,
  "align_frac_box3_inside_dm1_hull": 0.7272727272727273,
  "align_mean_nn_dist_box3_to_box12dm1": 1.021893301753198,
  "align_frac_box12dm1_inside_own_95ellipse": 0.9069767441860465
}