{
  "run_name": "EMSC FULL_SPECTRUM ALL_SPECTRA",
  "concept": "WEIGHTS__BOX12_DM1_ONLY",
  "preprocessing": "EMSC",
  "spectrum_mode": "FULL_SPECTRUM",
  "spectral_window": "FULL_SPECTRUM",
  "plot_type": "ALL_SPECTRA",
  "question_id": "Q2",
  "primary_question_id": "Q2",
  "related_questions": "Q2, Q5, Q6",
  "pc1_var": 0.7208444593498997,
  "pc2_var": 0.20199723295471161,
  "n_box12_dm1": 387,
  "n_box3_dm1": 99,
  "n_controls": 54,
  "rho_pc1": 0.6261345757790496,
  "rho_pc2": 0.2723712153843723,
  "grad_score": 0.6261345757790496,
  "cv_r2_pc12_to_si": 0.4128802101729201,
  "centroid_dist_box3_to_box12dm1": 12111.456526534113,
  "mahalanobis_centroid_box3_to_box12dm1": 0.8115084492149082,
  "mahalanobis_mean_box3_to_box12dm1": 1.3196537361253917,
  "mahalanobis_median_box3_to_box12dm1": 1.15016177803708,
  "mahalanobis_max_box3_to_box12dm1": 2.9212640654592708,
  "frac_box3_inside_dm1_95ellipse": 0.9292929292929293,
  "frac_box3_inside_dm1_hull": 0.98989898989899,
  "mean_nn_dist_box3_to_box12dm1": 1574.0100277937056,
  "frac_box12dm1_inside_own_95ellipse": 0.937984496124031,
  "hol_bhattacharyya_dm1_vs_ctrl": 0.866049857148006,
  "hol_fisher_separation_dm1_vs_ctrl": 4.24579084287805,
  "hol_centroid_dist_dm1_vs_ctrl": 35747.36422237863,
  "hol_silhouette_dm1_vs_ctrl": 0.42539522894758275,
  "hol_frac_controls_outside_dm1_95ellipse": 0.7407407407407407,
  "cln_bhattacharyya_dm1_vs_ctrl": 0.866049857148006,
  "cln_fisher_separation_dm1_vs_ctrl": 4.24579084287805,
  "cln_centroid_dist_dm1_vs_ctrl": 37335.65190077575,
  "cln_silhouette_dm1_vs_ctrl": 0.45824945867645617,
  "cln_frac_controls_outside_dm1_95ellipse": 0.7407407407407407,
  "align_centroid_dist_box3_to_box12dm1": 12111.456526534113,
  "align_mahalanobis_centroid_box3_to_box12dm1": 0.8115084492149082,
  "align_mahalanobis_mean_box3_to_box12dm1": 1.3196537361253917,
  "align_mahalanobis_median_box3_to_box12dm1": 1.15016177803708,
  "align_mahalanobis_max_box3_to_box12dm1": 2.9212640654592708,
  "align_frac_box3_inside_dm1_95ellipse": 0.9292929292929293,
  "align_frac_box3_inside_dm1_hull": 0.98989898989899,
  "align_mean_nn_dist_box3_to_box12dm1": 1574.0100277937056,
  "align_frac_box12dm1_inside_own_95ellipse": 0.937984496124031
}