{
  "run_name": "SNV+SECOND DERIVATIVE FULL_SPECTRUM ALL_SPECTRA",
  "concept": "WEIGHTS__BOX12_DM1_ONLY",
  "preprocessing": "SNV+SECOND DERIVATIVE",
  "spectrum_mode": "FULL_SPECTRUM",
  "spectral_window": "FULL_SPECTRUM",
  "plot_type": "ALL_SPECTRA",
  "question_id": "Q5",
  "primary_question_id": "Q2",
  "related_questions": "Q2, Q5, Q6",
  "pc1_var": 0.24321368072356064,
  "pc2_var": 0.009406027636046577,
  "n_box12_dm1": 387,
  "n_box3_dm1": 99,
  "n_controls": 54,
  "rho_pc1": 0.0752845652391831,
  "rho_pc2": 0.005005922623332125,
  "grad_score": 0.0752845652391831,
  "cv_r2_pc12_to_si": 0.02560659131812304,
  "centroid_dist_box3_to_box12dm1": 0.22340938162773602,
  "mahalanobis_centroid_box3_to_box12dm1": 0.26923931983644506,
  "mahalanobis_mean_box3_to_box12dm1": 0.479738026334038,
  "mahalanobis_median_box3_to_box12dm1": 0.3842023162459147,
  "mahalanobis_max_box3_to_box12dm1": 1.803812728421682,
  "frac_box3_inside_dm1_95ellipse": 1.0,
  "frac_box3_inside_dm1_hull": 0.9696969696969697,
  "mean_nn_dist_box3_to_box12dm1": 0.018620786629979937,
  "frac_box12dm1_inside_own_95ellipse": 0.9276485788113695,
  "hol_bhattacharyya_dm1_vs_ctrl": 1.179584800285042,
  "hol_fisher_separation_dm1_vs_ctrl": 0.14977612906632828,
  "hol_centroid_dist_dm1_vs_ctrl": 0.3623710194599121,
  "hol_silhouette_dm1_vs_ctrl": -0.08365087558897003,
  "hol_frac_controls_outside_dm1_95ellipse": 0.0,
  "cln_bhattacharyya_dm1_vs_ctrl": 1.179584800285042,
  "cln_fisher_separation_dm1_vs_ctrl": 0.14977612906632828,
  "cln_centroid_dist_dm1_vs_ctrl": 0.3169734693837684,
  "cln_silhouette_dm1_vs_ctrl": -0.09392362079156737,
  "cln_frac_controls_outside_dm1_95ellipse": 0.0,
  "align_centroid_dist_box3_to_box12dm1": 0.22340938162773602,
  "align_mahalanobis_centroid_box3_to_box12dm1": 0.26923931983644506,
  "align_mahalanobis_mean_box3_to_box12dm1": 0.479738026334038,
  "align_mahalanobis_median_box3_to_box12dm1": 0.3842023162459147,
  "align_mahalanobis_max_box3_to_box12dm1": 1.803812728421682,
  "align_frac_box3_inside_dm1_95ellipse": 1.0,
  "align_frac_box3_inside_dm1_hull": 0.9696969696969697,
  "align_mean_nn_dist_box3_to_box12dm1": 0.018620786629979937,
  "align_frac_box12dm1_inside_own_95ellipse": 0.9276485788113695
}