{
  "run_name": "NORMALIZATION TRIM_500_3100 ALL_SPECTRA",
  "concept": "WEIGHTS__BOX12_DM1_ONLY",
  "preprocessing": "NORMALIZATION",
  "spectrum_mode": "TRIM_500_3100",
  "spectral_window": "TRIM_500_3100",
  "plot_type": "ALL_SPECTRA",
  "question_id": "Q5",
  "primary_question_id": "Q2",
  "related_questions": "Q2, Q5, Q6",
  "pc1_var": 0.830074137245969,
  "pc2_var": 0.11023205160852413,
  "n_box12_dm1": 387,
  "n_box3_dm1": 99,
  "n_controls": 54,
  "rho_pc1": 0.6324369494113288,
  "rho_pc2": 0.3256543266212508,
  "grad_score": 0.6324369494113288,
  "cv_r2_pc12_to_si": 0.39666185425756073,
  "centroid_dist_box3_to_box12dm1": 0.06543597523358062,
  "mahalanobis_centroid_box3_to_box12dm1": 0.638439967480904,
  "mahalanobis_mean_box3_to_box12dm1": 1.1856930005897597,
  "mahalanobis_median_box3_to_box12dm1": 1.149748825549335,
  "mahalanobis_max_box3_to_box12dm1": 3.3297439128075736,
  "frac_box3_inside_dm1_95ellipse": 0.9797979797979798,
  "frac_box3_inside_dm1_hull": 0.98989898989899,
  "mean_nn_dist_box3_to_box12dm1": 0.006974541087427421,
  "frac_box12dm1_inside_own_95ellipse": 0.9405684754521964,
  "hol_bhattacharyya_dm1_vs_ctrl": 1.087023021647434,
  "hol_fisher_separation_dm1_vs_ctrl": 1.2481175789709062,
  "hol_centroid_dist_dm1_vs_ctrl": 0.11145844815605037,
  "hol_silhouette_dm1_vs_ctrl": 0.053122195713138656,
  "hol_frac_controls_outside_dm1_95ellipse": 0.16666666666666663,
  "cln_bhattacharyya_dm1_vs_ctrl": 1.087023021647434,
  "cln_fisher_separation_dm1_vs_ctrl": 1.2481175789709062,
  "cln_centroid_dist_dm1_vs_ctrl": 0.12143202544615757,
  "cln_silhouette_dm1_vs_ctrl": 0.08905833734980265,
  "cln_frac_controls_outside_dm1_95ellipse": 0.16666666666666663,
  "align_centroid_dist_box3_to_box12dm1": 0.06543597523358062,
  "align_mahalanobis_centroid_box3_to_box12dm1": 0.638439967480904,
  "align_mahalanobis_mean_box3_to_box12dm1": 1.1856930005897597,
  "align_mahalanobis_median_box3_to_box12dm1": 1.149748825549335,
  "align_mahalanobis_max_box3_to_box12dm1": 3.3297439128075736,
  "align_frac_box3_inside_dm1_95ellipse": 0.9797979797979798,
  "align_frac_box3_inside_dm1_hull": 0.98989898989899,
  "align_mean_nn_dist_box3_to_box12dm1": 0.006974541087427421,
  "align_frac_box12dm1_inside_own_95ellipse": 0.9405684754521964
}