{
  "run_name": "SNV+SECOND DERIVATIVE FULL_SPECTRUM PATIENT_AVG",
  "concept": "WEIGHTS__BOX12_DM1_ONLY",
  "preprocessing": "SNV+SECOND DERIVATIVE",
  "spectrum_mode": "FULL_SPECTRUM",
  "spectral_window": "FULL_SPECTRUM",
  "plot_type": "PATIENT_AVG",
  "question_id": "Q5",
  "primary_question_id": "Q2",
  "related_questions": "Q2, Q5, Q6",
  "pc1_var": 0.5663463837611914,
  "pc2_var": 0.029539339619047797,
  "n_box12_dm1": 43,
  "n_box3_dm1": 11,
  "n_controls": 6,
  "rho_pc1": 0.09537474103095651,
  "rho_pc2": 0.165301114898467,
  "grad_score": 0.165301114898467,
  "cv_r2_pc12_to_si": 0.08585929689440552,
  "centroid_dist_box3_to_box12dm1": 0.15358895075304888,
  "mahalanobis_centroid_box3_to_box12dm1": 0.4440632604522584,
  "mahalanobis_mean_box3_to_box12dm1": 0.6956563703602634,
  "mahalanobis_median_box3_to_box12dm1": 0.6178873267539272,
  "mahalanobis_max_box3_to_box12dm1": 1.3280116635102484,
  "frac_box3_inside_dm1_95ellipse": 1.0,
  "frac_box3_inside_dm1_hull": 0.9090909090909091,
  "mean_nn_dist_box3_to_box12dm1": 0.03972781566011362,
  "frac_box12dm1_inside_own_95ellipse": 0.8837209302325582,
  "hol_bhattacharyya_dm1_vs_ctrl": 1.1875045517910976,
  "hol_fisher_separation_dm1_vs_ctrl": 0.49393908060228503,
  "hol_centroid_dist_dm1_vs_ctrl": 0.4372368673177216,
  "hol_silhouette_dm1_vs_ctrl": -0.04400173761501138,
  "hol_frac_controls_outside_dm1_95ellipse": 0.0,
  "cln_bhattacharyya_dm1_vs_ctrl": 1.1875045517910976,
  "cln_fisher_separation_dm1_vs_ctrl": 0.49393908060228503,
  "cln_centroid_dist_dm1_vs_ctrl": 0.40885591193739246,
  "cln_silhouette_dm1_vs_ctrl": -0.06646593392762296,
  "cln_frac_controls_outside_dm1_95ellipse": 0.0,
  "align_centroid_dist_box3_to_box12dm1": 0.15358895075304888,
  "align_mahalanobis_centroid_box3_to_box12dm1": 0.4440632604522584,
  "align_mahalanobis_mean_box3_to_box12dm1": 0.6956563703602634,
  "align_mahalanobis_median_box3_to_box12dm1": 0.6178873267539272,
  "align_mahalanobis_max_box3_to_box12dm1": 1.3280116635102484,
  "align_frac_box3_inside_dm1_95ellipse": 1.0,
  "align_frac_box3_inside_dm1_hull": 0.9090909090909091,
  "align_mean_nn_dist_box3_to_box12dm1": 0.03972781566011362,
  "align_frac_box12dm1_inside_own_95ellipse": 0.8837209302325582
}