{
  "run_name": "SNV+SECOND DERIVATIVE TRIM_500_3100 ALL_SPECTRA",
  "concept": "WEIGHTS__BOX12_DM1_ONLY",
  "preprocessing": "SNV+SECOND DERIVATIVE",
  "spectrum_mode": "TRIM_500_3100",
  "spectral_window": "TRIM_500_3100",
  "plot_type": "ALL_SPECTRA",
  "question_id": "Q6",
  "primary_question_id": "Q2",
  "related_questions": "Q2, Q5, Q6",
  "pc1_var": 0.17132575549492762,
  "pc2_var": 0.024490451645369685,
  "n_box12_dm1": 387,
  "n_box3_dm1": 99,
  "n_controls": 54,
  "rho_pc1": -0.32175472128592747,
  "rho_pc2": -0.18485471409815687,
  "grad_score": 0.32175472128592747,
  "cv_r2_pc12_to_si": 0.011175239681269766,
  "centroid_dist_box3_to_box12dm1": 0.04337146350908425,
  "mahalanobis_centroid_box3_to_box12dm1": 0.10095619624582054,
  "mahalanobis_mean_box3_to_box12dm1": 0.4254690150292592,
  "mahalanobis_median_box3_to_box12dm1": 0.3275020181499711,
  "mahalanobis_max_box3_to_box12dm1": 2.4421886924484095,
  "frac_box3_inside_dm1_95ellipse": 1.0,
  "frac_box3_inside_dm1_hull": 0.9696969696969697,
  "mean_nn_dist_box3_to_box12dm1": 0.02141237464047116,
  "frac_box12dm1_inside_own_95ellipse": 0.9689922480620154,
  "hol_bhattacharyya_dm1_vs_ctrl": 1.6317474425552576,
  "hol_fisher_separation_dm1_vs_ctrl": 0.3433846125118884,
  "hol_centroid_dist_dm1_vs_ctrl": 0.4462243056454845,
  "hol_silhouette_dm1_vs_ctrl": 0.011275073004826277,
  "hol_frac_controls_outside_dm1_95ellipse": 0.0,
  "cln_bhattacharyya_dm1_vs_ctrl": 1.6317474425552576,
  "cln_fisher_separation_dm1_vs_ctrl": 0.3433846125118884,
  "cln_centroid_dist_dm1_vs_ctrl": 0.45368821281057303,
  "cln_silhouette_dm1_vs_ctrl": 0.041123752163426494,
  "cln_frac_controls_outside_dm1_95ellipse": 0.0,
  "align_centroid_dist_box3_to_box12dm1": 0.04337146350908425,
  "align_mahalanobis_centroid_box3_to_box12dm1": 0.10095619624582054,
  "align_mahalanobis_mean_box3_to_box12dm1": 0.4254690150292592,
  "align_mahalanobis_median_box3_to_box12dm1": 0.3275020181499711,
  "align_mahalanobis_max_box3_to_box12dm1": 2.4421886924484095,
  "align_frac_box3_inside_dm1_95ellipse": 1.0,
  "align_frac_box3_inside_dm1_hull": 0.9696969696969697,
  "align_mean_nn_dist_box3_to_box12dm1": 0.02141237464047116,
  "align_frac_box12dm1_inside_own_95ellipse": 0.9689922480620154
}