{
  "run_name": "NORMALIZATION+SNV+SECOND DERIVATIVE TRIM_700_2800 ALL_SPECTRA",
  "concept": "WEIGHTS__BOX12_ALL",
  "preprocessing": "NORMALIZATION+SNV+SECOND DERIVATIVE",
  "spectrum_mode": "TRIM_700_2800",
  "spectral_window": "TRIM_700_2800",
  "plot_type": "ALL_SPECTRA",
  "question_id": "Q4",
  "primary_question_id": "Q3A",
  "related_questions": "Q3A, Q3B, Q4",
  "pc1_var": 0.20826054931847693,
  "pc2_var": 0.07019692705879607,
  "n_box12_dm1": 387,
  "n_box3_dm1": 99,
  "n_controls": 54,
  "rho_pc1": -0.21413810320679064,
  "rho_pc2": 0.29347326232439513,
  "grad_score": 0.29347326232439513,
  "cv_r2_pc12_to_si": 0.007698741903254147,
  "centroid_dist_box3_to_box12dm1": 0.06004735511189583,
  "mahalanobis_centroid_box3_to_box12dm1": 0.0817831853964336,
  "mahalanobis_mean_box3_to_box12dm1": 0.3016220731850568,
  "mahalanobis_median_box3_to_box12dm1": 0.1618642701611476,
  "mahalanobis_max_box3_to_box12dm1": 1.685669530009564,
  "frac_box3_inside_dm1_95ellipse": 1.0,
  "frac_box3_inside_dm1_hull": 0.9696969696969697,
  "mean_nn_dist_box3_to_box12dm1": 0.019059055780386334,
  "frac_box12dm1_inside_own_95ellipse": 0.9741602067183462,
  "hol_bhattacharyya_dm1_vs_ctrl": 1.9108758438755988,
  "hol_fisher_separation_dm1_vs_ctrl": 0.08416653564116175,
  "hol_centroid_dist_dm1_vs_ctrl": 0.26758374111819583,
  "hol_silhouette_dm1_vs_ctrl": -0.09199505368240765,
  "hol_frac_controls_outside_dm1_95ellipse": 0.0,
  "cln_bhattacharyya_dm1_vs_ctrl": 1.9108758438755988,
  "cln_fisher_separation_dm1_vs_ctrl": 0.08416653564116175,
  "cln_centroid_dist_dm1_vs_ctrl": 0.2590483938166037,
  "cln_silhouette_dm1_vs_ctrl": -0.08299602506012152,
  "cln_frac_controls_outside_dm1_95ellipse": 0.0,
  "align_centroid_dist_box3_to_box12dm1": 0.06004735511189583,
  "align_mahalanobis_centroid_box3_to_box12dm1": 0.0817831853964336,
  "align_mahalanobis_mean_box3_to_box12dm1": 0.3016220731850568,
  "align_mahalanobis_median_box3_to_box12dm1": 0.1618642701611476,
  "align_mahalanobis_max_box3_to_box12dm1": 1.685669530009564,
  "align_frac_box3_inside_dm1_95ellipse": 1.0,
  "align_frac_box3_inside_dm1_hull": 0.9696969696969697,
  "align_mean_nn_dist_box3_to_box12dm1": 0.019059055780386334,
  "align_frac_box12dm1_inside_own_95ellipse": 0.9741602067183462
}