{
  "run_name": "SECOND DERIVATIVE FULL_SPECTRUM ALL_SPECTRA",
  "concept": "WEIGHTS__BOX12_DM1_ONLY",
  "preprocessing": "SECOND DERIVATIVE",
  "spectrum_mode": "FULL_SPECTRUM",
  "spectral_window": "FULL_SPECTRUM",
  "plot_type": "ALL_SPECTRA",
  "question_id": "Q6",
  "primary_question_id": "Q2",
  "related_questions": "Q2, Q5, Q6",
  "pc1_var": 0.8390187179242868,
  "pc2_var": 0.0031947203512325754,
  "n_box12_dm1": 387,
  "n_box3_dm1": 99,
  "n_controls": 54,
  "rho_pc1": -0.6025598584387847,
  "rho_pc2": 0.23213649676090845,
  "grad_score": 0.6025598584387847,
  "cv_r2_pc12_to_si": 0.39991067490012544,
  "centroid_dist_box3_to_box12dm1": 1373.1050117952307,
  "mahalanobis_centroid_box3_to_box12dm1": 0.6089068967818962,
  "mahalanobis_mean_box3_to_box12dm1": 1.1643316320429435,
  "mahalanobis_median_box3_to_box12dm1": 1.1084696029535532,
  "mahalanobis_max_box3_to_box12dm1": 2.6552115651635844,
  "frac_box3_inside_dm1_95ellipse": 0.9696969696969697,
  "frac_box3_inside_dm1_hull": 1.0,
  "mean_nn_dist_box3_to_box12dm1": 65.12833748794532,
  "frac_box12dm1_inside_own_95ellipse": 0.9276485788113695,
  "hol_bhattacharyya_dm1_vs_ctrl": 0.4515175180639469,
  "hol_fisher_separation_dm1_vs_ctrl": 1.9368291539653906,
  "hol_centroid_dist_dm1_vs_ctrl": 2941.8649868830603,
  "hol_silhouette_dm1_vs_ctrl": 0.18977534030607313,
  "hol_frac_controls_outside_dm1_95ellipse": 0.2962962962962963,
  "cln_bhattacharyya_dm1_vs_ctrl": 0.4515175180639469,
  "cln_fisher_separation_dm1_vs_ctrl": 1.9368291539653906,
  "cln_centroid_dist_dm1_vs_ctrl": 3221.4646545159167,
  "cln_silhouette_dm1_vs_ctrl": 0.2342055751451317,
  "cln_frac_controls_outside_dm1_95ellipse": 0.2962962962962963,
  "align_centroid_dist_box3_to_box12dm1": 1373.1050117952307,
  "align_mahalanobis_centroid_box3_to_box12dm1": 0.6089068967818962,
  "align_mahalanobis_mean_box3_to_box12dm1": 1.1643316320429435,
  "align_mahalanobis_median_box3_to_box12dm1": 1.1084696029535532,
  "align_mahalanobis_max_box3_to_box12dm1": 2.6552115651635844,
  "align_frac_box3_inside_dm1_95ellipse": 0.9696969696969697,
  "align_frac_box3_inside_dm1_hull": 1.0,
  "align_mean_nn_dist_box3_to_box12dm1": 65.12833748794532,
  "align_frac_box12dm1_inside_own_95ellipse": 0.9276485788113695
}