{
  "run_name": "SNV FULL_SPECTRUM PATIENT_AVG",
  "concept": "WEIGHTS__BOX12_ALL",
  "preprocessing": "SNV",
  "spectrum_mode": "FULL_SPECTRUM",
  "spectral_window": "FULL_SPECTRUM",
  "plot_type": "PATIENT_AVG",
  "question_id": "Q3B",
  "primary_question_id": "Q3A",
  "related_questions": "Q3A, Q3B, Q4",
  "pc1_var": 0.8169319656321437,
  "pc2_var": 0.12699744391835577,
  "n_box12_dm1": 43,
  "n_box3_dm1": 11,
  "n_controls": 6,
  "rho_pc1": 0.6120445574472705,
  "rho_pc2": 0.24693222737231021,
  "grad_score": 0.6120445574472705,
  "cv_r2_pc12_to_si": 0.4035418444964355,
  "centroid_dist_box3_to_box12dm1": 16.95167190895183,
  "mahalanobis_centroid_box3_to_box12dm1": 0.87022184729638,
  "mahalanobis_mean_box3_to_box12dm1": 1.1875588473977055,
  "mahalanobis_median_box3_to_box12dm1": 1.1090435098368447,
  "mahalanobis_max_box3_to_box12dm1": 2.1070883227680666,
  "frac_box3_inside_dm1_95ellipse": 1.0,
  "frac_box3_inside_dm1_hull": 0.5454545454545454,
  "mean_nn_dist_box3_to_box12dm1": 2.0465723207824236,
  "frac_box12dm1_inside_own_95ellipse": 0.9302325581395349,
  "hol_bhattacharyya_dm1_vs_ctrl": 1.8154230843876902,
  "hol_fisher_separation_dm1_vs_ctrl": 1.6097395983841363,
  "hol_centroid_dist_dm1_vs_ctrl": 21.512424633477654,
  "hol_silhouette_dm1_vs_ctrl": 0.046061208984553154,
  "hol_frac_controls_outside_dm1_95ellipse": 0.33333333333333337,
  "cln_bhattacharyya_dm1_vs_ctrl": 1.8154230843876902,
  "cln_fisher_separation_dm1_vs_ctrl": 1.6097395983841363,
  "cln_centroid_dist_dm1_vs_ctrl": 24.295525401457436,
  "cln_silhouette_dm1_vs_ctrl": 0.09664753903002764,
  "cln_frac_controls_outside_dm1_95ellipse": 0.33333333333333337,
  "align_centroid_dist_box3_to_box12dm1": 16.95167190895183,
  "align_mahalanobis_centroid_box3_to_box12dm1": 0.87022184729638,
  "align_mahalanobis_mean_box3_to_box12dm1": 1.1875588473977055,
  "align_mahalanobis_median_box3_to_box12dm1": 1.1090435098368447,
  "align_mahalanobis_max_box3_to_box12dm1": 2.1070883227680666,
  "align_frac_box3_inside_dm1_95ellipse": 1.0,
  "align_frac_box3_inside_dm1_hull": 0.5454545454545454,
  "align_mean_nn_dist_box3_to_box12dm1": 2.0465723207824236,
  "align_frac_box12dm1_inside_own_95ellipse": 0.9302325581395349
}