{
  "run_name": "NORMALIZATION+SNV+SECOND DERIVATIVE TRIM_500_3100 PATIENT_AVG",
  "concept": "WEIGHTS__BOX12_ALL",
  "preprocessing": "NORMALIZATION+SNV+SECOND DERIVATIVE",
  "spectrum_mode": "TRIM_500_3100",
  "spectral_window": "TRIM_500_3100",
  "plot_type": "PATIENT_AVG",
  "question_id": "Q3B",
  "primary_question_id": "Q3A",
  "related_questions": "Q3A, Q3B, Q4",
  "pc1_var": 0.3796170318362762,
  "pc2_var": 0.0871339960045274,
  "n_box12_dm1": 43,
  "n_box3_dm1": 11,
  "n_controls": 6,
  "rho_pc1": -0.5494430845140457,
  "rho_pc2": -0.352274874829305,
  "grad_score": 0.5494430845140457,
  "cv_r2_pc12_to_si": 0.30399490791767836,
  "centroid_dist_box3_to_box12dm1": 0.2413406981012321,
  "mahalanobis_centroid_box3_to_box12dm1": 0.6720619923979886,
  "mahalanobis_mean_box3_to_box12dm1": 0.9443813895768449,
  "mahalanobis_median_box3_to_box12dm1": 0.7494973789842282,
  "mahalanobis_max_box3_to_box12dm1": 1.823649661924856,
  "frac_box3_inside_dm1_95ellipse": 1.0,
  "frac_box3_inside_dm1_hull": 0.7272727272727273,
  "mean_nn_dist_box3_to_box12dm1": 0.03531281768914706,
  "frac_box12dm1_inside_own_95ellipse": 0.9534883720930233,
  "hol_bhattacharyya_dm1_vs_ctrl": 1.5423878518551553,
  "hol_fisher_separation_dm1_vs_ctrl": 2.1861261105489738,
  "hol_centroid_dist_dm1_vs_ctrl": 0.5828914539013287,
  "hol_silhouette_dm1_vs_ctrl": 0.1464958656435762,
  "hol_frac_controls_outside_dm1_95ellipse": 0.0,
  "cln_bhattacharyya_dm1_vs_ctrl": 1.5423878518551553,
  "cln_fisher_separation_dm1_vs_ctrl": 2.1861261105489738,
  "cln_centroid_dist_dm1_vs_ctrl": 0.6309502332679287,
  "cln_silhouette_dm1_vs_ctrl": 0.1938543884334232,
  "cln_frac_controls_outside_dm1_95ellipse": 0.0,
  "align_centroid_dist_box3_to_box12dm1": 0.2413406981012321,
  "align_mahalanobis_centroid_box3_to_box12dm1": 0.6720619923979886,
  "align_mahalanobis_mean_box3_to_box12dm1": 0.9443813895768449,
  "align_mahalanobis_median_box3_to_box12dm1": 0.7494973789842282,
  "align_mahalanobis_max_box3_to_box12dm1": 1.823649661924856,
  "align_frac_box3_inside_dm1_95ellipse": 1.0,
  "align_frac_box3_inside_dm1_hull": 0.7272727272727273,
  "align_mean_nn_dist_box3_to_box12dm1": 0.03531281768914706,
  "align_frac_box12dm1_inside_own_95ellipse": 0.9534883720930233
}