{
  "run_name": "SECOND DERIVATIVE TRIM_700_2800 PATIENT_AVG",
  "concept": "WEIGHTS__BOX12_ALL",
  "preprocessing": "SECOND DERIVATIVE",
  "spectrum_mode": "TRIM_700_2800",
  "spectral_window": "TRIM_700_2800",
  "plot_type": "PATIENT_AVG",
  "question_id": "Q3B",
  "primary_question_id": "Q3A",
  "related_questions": "Q3A, Q3B, Q4",
  "pc1_var": 0.9823548076400348,
  "pc2_var": 0.0035683064510937325,
  "n_box12_dm1": 43,
  "n_box3_dm1": 11,
  "n_controls": 6,
  "rho_pc1": -0.6278270759551643,
  "rho_pc2": 0.23515197432335597,
  "grad_score": 0.6278270759551643,
  "cv_r2_pc12_to_si": 0.43030094951721587,
  "centroid_dist_box3_to_box12dm1": 1373.8215558810268,
  "mahalanobis_centroid_box3_to_box12dm1": 0.6402858637717099,
  "mahalanobis_mean_box3_to_box12dm1": 1.0617347235785053,
  "mahalanobis_median_box3_to_box12dm1": 1.1131051212465546,
  "mahalanobis_max_box3_to_box12dm1": 2.053321900590481,
  "frac_box3_inside_dm1_95ellipse": 1.0,
  "frac_box3_inside_dm1_hull": 1.0,
  "mean_nn_dist_box3_to_box12dm1": 129.75443819798872,
  "frac_box12dm1_inside_own_95ellipse": 0.9534883720930233,
  "hol_bhattacharyya_dm1_vs_ctrl": 0.5846833403219778,
  "hol_fisher_separation_dm1_vs_ctrl": 2.1681719526710896,
  "hol_centroid_dist_dm1_vs_ctrl": 2943.609882455376,
  "hol_silhouette_dm1_vs_ctrl": 0.1702622130789279,
  "hol_frac_controls_outside_dm1_95ellipse": 0.33333333333333337,
  "cln_bhattacharyya_dm1_vs_ctrl": 0.5846833403219778,
  "cln_fisher_separation_dm1_vs_ctrl": 2.1681719526710896,
  "cln_centroid_dist_dm1_vs_ctrl": 3223.053332177733,
  "cln_silhouette_dm1_vs_ctrl": 0.20719562668320685,
  "cln_frac_controls_outside_dm1_95ellipse": 0.33333333333333337,
  "align_centroid_dist_box3_to_box12dm1": 1373.8215558810268,
  "align_mahalanobis_centroid_box3_to_box12dm1": 0.6402858637717099,
  "align_mahalanobis_mean_box3_to_box12dm1": 1.0617347235785053,
  "align_mahalanobis_median_box3_to_box12dm1": 1.1131051212465546,
  "align_mahalanobis_max_box3_to_box12dm1": 2.053321900590481,
  "align_frac_box3_inside_dm1_95ellipse": 1.0,
  "align_frac_box3_inside_dm1_hull": 1.0,
  "align_mean_nn_dist_box3_to_box12dm1": 129.75443819798872,
  "align_frac_box12dm1_inside_own_95ellipse": 0.9534883720930233
}