{
  "run_name": "EMSC TRIM_700_2800 ALL_SPECTRA",
  "concept": "WEIGHTS__BOX12_ALL",
  "preprocessing": "EMSC",
  "spectrum_mode": "TRIM_700_2800",
  "spectral_window": "TRIM_700_2800",
  "plot_type": "ALL_SPECTRA",
  "question_id": "Q3A",
  "primary_question_id": "Q3A",
  "related_questions": "Q3A, Q3B, Q4",
  "pc1_var": 0.548498087815637,
  "pc2_var": 0.34322351192059014,
  "n_box12_dm1": 387,
  "n_box3_dm1": 99,
  "n_controls": 54,
  "rho_pc1": -0.2884365827756171,
  "rho_pc2": -0.6046969987432532,
  "grad_score": 0.6046969987432532,
  "cv_r2_pc12_to_si": 0.34297371737100657,
  "centroid_dist_box3_to_box12dm1": 4277.0222209769145,
  "mahalanobis_centroid_box3_to_box12dm1": 0.6555897915838134,
  "mahalanobis_mean_box3_to_box12dm1": 1.3347651201990955,
  "mahalanobis_median_box3_to_box12dm1": 1.2682524999565759,
  "mahalanobis_max_box3_to_box12dm1": 2.6471806932503874,
  "frac_box3_inside_dm1_95ellipse": 0.9595959595959596,
  "frac_box3_inside_dm1_hull": 0.9797979797979798,
  "mean_nn_dist_box3_to_box12dm1": 890.6382802453469,
  "frac_box12dm1_inside_own_95ellipse": 0.9276485788113695,
  "hol_bhattacharyya_dm1_vs_ctrl": 0.9124524767450941,
  "hol_fisher_separation_dm1_vs_ctrl": 3.033575437914063,
  "hol_centroid_dist_dm1_vs_ctrl": 14388.360511666986,
  "hol_silhouette_dm1_vs_ctrl": 0.3990600258940694,
  "hol_frac_controls_outside_dm1_95ellipse": 0.5185185185185186,
  "cln_bhattacharyya_dm1_vs_ctrl": 0.9124524767450941,
  "cln_fisher_separation_dm1_vs_ctrl": 3.033575437914063,
  "cln_centroid_dist_dm1_vs_ctrl": 14819.327112418609,
  "cln_silhouette_dm1_vs_ctrl": 0.41730812754615243,
  "cln_frac_controls_outside_dm1_95ellipse": 0.5185185185185186,
  "align_centroid_dist_box3_to_box12dm1": 4277.0222209769145,
  "align_mahalanobis_centroid_box3_to_box12dm1": 0.6555897915838134,
  "align_mahalanobis_mean_box3_to_box12dm1": 1.3347651201990955,
  "align_mahalanobis_median_box3_to_box12dm1": 1.2682524999565759,
  "align_mahalanobis_max_box3_to_box12dm1": 2.6471806932503874,
  "align_frac_box3_inside_dm1_95ellipse": 0.9595959595959596,
  "align_frac_box3_inside_dm1_hull": 0.9797979797979798,
  "align_mean_nn_dist_box3_to_box12dm1": 890.6382802453469,
  "align_frac_box12dm1_inside_own_95ellipse": 0.9276485788113695
}