{
  "run_name": "SNV TRIM_500_3100 ALL_SPECTRA",
  "concept": "WEIGHTS__BOX12_DM1_ONLY",
  "preprocessing": "SNV",
  "spectrum_mode": "TRIM_500_3100",
  "spectral_window": "TRIM_500_3100",
  "plot_type": "ALL_SPECTRA",
  "question_id": "Q6",
  "primary_question_id": "Q2",
  "related_questions": "Q2, Q5, Q6",
  "pc1_var": 0.7087826965077606,
  "pc2_var": 0.14743619261380247,
  "n_box12_dm1": 387,
  "n_box3_dm1": 99,
  "n_controls": 54,
  "rho_pc1": 0.33895436680649554,
  "rho_pc2": 0.2624590971383963,
  "grad_score": 0.33895436680649554,
  "cv_r2_pc12_to_si": 0.14826172960027773,
  "centroid_dist_box3_to_box12dm1": 4.1542789303474,
  "mahalanobis_centroid_box3_to_box12dm1": 0.4376090939005705,
  "mahalanobis_mean_box3_to_box12dm1": 0.8192198167171679,
  "mahalanobis_median_box3_to_box12dm1": 0.6336517133200075,
  "mahalanobis_max_box3_to_box12dm1": 3.01426138488865,
  "frac_box3_inside_dm1_95ellipse": 0.98989898989899,
  "frac_box3_inside_dm1_hull": 0.8686868686868687,
  "mean_nn_dist_box3_to_box12dm1": 0.44415958953779827,
  "frac_box12dm1_inside_own_95ellipse": 0.9354005167958657,
  "hol_bhattacharyya_dm1_vs_ctrl": 1.5988922766615505,
  "hol_fisher_separation_dm1_vs_ctrl": 0.6520699394492682,
  "hol_centroid_dist_dm1_vs_ctrl": 9.329936973120796,
  "hol_silhouette_dm1_vs_ctrl": 0.038438956909715265,
  "hol_frac_controls_outside_dm1_95ellipse": 0.0,
  "cln_bhattacharyya_dm1_vs_ctrl": 1.5988922766615505,
  "cln_fisher_separation_dm1_vs_ctrl": 0.6520699394492682,
  "cln_centroid_dist_dm1_vs_ctrl": 9.77014746930144,
  "cln_silhouette_dm1_vs_ctrl": 0.02053549968758346,
  "cln_frac_controls_outside_dm1_95ellipse": 0.0,
  "align_centroid_dist_box3_to_box12dm1": 4.1542789303474,
  "align_mahalanobis_centroid_box3_to_box12dm1": 0.4376090939005705,
  "align_mahalanobis_mean_box3_to_box12dm1": 0.8192198167171679,
  "align_mahalanobis_median_box3_to_box12dm1": 0.6336517133200075,
  "align_mahalanobis_max_box3_to_box12dm1": 3.01426138488865,
  "align_frac_box3_inside_dm1_95ellipse": 0.98989898989899,
  "align_frac_box3_inside_dm1_hull": 0.8686868686868687,
  "align_mean_nn_dist_box3_to_box12dm1": 0.44415958953779827,
  "align_frac_box12dm1_inside_own_95ellipse": 0.9354005167958657
}