{
  "run_name": "SNV+SECOND DERIVATIVE TRIM_700_2800 ALL_SPECTRA",
  "concept": "WEIGHTS__BOX12_DM1_ONLY",
  "preprocessing": "SNV+SECOND DERIVATIVE",
  "spectrum_mode": "TRIM_700_2800",
  "spectral_window": "TRIM_700_2800",
  "plot_type": "ALL_SPECTRA",
  "question_id": "Q5",
  "primary_question_id": "Q2",
  "related_questions": "Q2, Q5, Q6",
  "pc1_var": 0.2090033286478703,
  "pc2_var": 0.07076746497268498,
  "n_box12_dm1": 387,
  "n_box3_dm1": 99,
  "n_controls": 54,
  "rho_pc1": -0.21257788826144375,
  "rho_pc2": 0.28937047487552003,
  "grad_score": 0.28937047487552003,
  "cv_r2_pc12_to_si": 0.007424777580814723,
  "centroid_dist_box3_to_box12dm1": 0.06019378161672774,
  "mahalanobis_centroid_box3_to_box12dm1": 0.08129305243137719,
  "mahalanobis_mean_box3_to_box12dm1": 0.29991758959256637,
  "mahalanobis_median_box3_to_box12dm1": 0.15887013172810632,
  "mahalanobis_max_box3_to_box12dm1": 1.6793499620174277,
  "frac_box3_inside_dm1_95ellipse": 1.0,
  "frac_box3_inside_dm1_hull": 0.9696969696969697,
  "mean_nn_dist_box3_to_box12dm1": 0.019109177718279274,
  "frac_box12dm1_inside_own_95ellipse": 0.9741602067183462,
  "hol_bhattacharyya_dm1_vs_ctrl": 1.914319596540526,
  "hol_fisher_separation_dm1_vs_ctrl": 0.08268840663505996,
  "hol_centroid_dist_dm1_vs_ctrl": 0.2655166722387251,
  "hol_silhouette_dm1_vs_ctrl": -0.09341414353958298,
  "hol_frac_controls_outside_dm1_95ellipse": 0.0,
  "cln_bhattacharyya_dm1_vs_ctrl": 1.914319596540526,
  "cln_fisher_separation_dm1_vs_ctrl": 0.08268840663505996,
  "cln_centroid_dist_dm1_vs_ctrl": 0.25677269793041224,
  "cln_silhouette_dm1_vs_ctrl": -0.08446270920759055,
  "cln_frac_controls_outside_dm1_95ellipse": 0.0,
  "align_centroid_dist_box3_to_box12dm1": 0.06019378161672774,
  "align_mahalanobis_centroid_box3_to_box12dm1": 0.08129305243137719,
  "align_mahalanobis_mean_box3_to_box12dm1": 0.29991758959256637,
  "align_mahalanobis_median_box3_to_box12dm1": 0.15887013172810632,
  "align_mahalanobis_max_box3_to_box12dm1": 1.6793499620174277,
  "align_frac_box3_inside_dm1_95ellipse": 1.0,
  "align_frac_box3_inside_dm1_hull": 0.9696969696969697,
  "align_mean_nn_dist_box3_to_box12dm1": 0.019109177718279274,
  "align_frac_box12dm1_inside_own_95ellipse": 0.9741602067183462
}