{
  "run_name": "NORMALIZATION TRIM_700_2800 PATIENT_AVG",
  "concept": "WEIGHTS__BOX12_ALL",
  "preprocessing": "NORMALIZATION",
  "spectrum_mode": "TRIM_700_2800",
  "spectral_window": "TRIM_700_2800",
  "plot_type": "PATIENT_AVG",
  "question_id": "Q3B",
  "primary_question_id": "Q3A",
  "related_questions": "Q3A, Q3B, Q4",
  "pc1_var": 0.7809710705244787,
  "pc2_var": 0.14896588755102305,
  "n_box12_dm1": 43,
  "n_box3_dm1": 11,
  "n_controls": 6,
  "rho_pc1": 0.6725316259870933,
  "rho_pc2": 0.4290730629753721,
  "grad_score": 0.6725316259870933,
  "cv_r2_pc12_to_si": 0.4343197827439821,
  "centroid_dist_box3_to_box12dm1": 0.05105954961495424,
  "mahalanobis_centroid_box3_to_box12dm1": 0.7130020937070717,
  "mahalanobis_mean_box3_to_box12dm1": 1.261733488054328,
  "mahalanobis_median_box3_to_box12dm1": 1.154452141357188,
  "mahalanobis_max_box3_to_box12dm1": 2.739851218300017,
  "frac_box3_inside_dm1_95ellipse": 0.9090909090909091,
  "frac_box3_inside_dm1_hull": 0.8181818181818182,
  "mean_nn_dist_box3_to_box12dm1": 0.012021814295085677,
  "frac_box12dm1_inside_own_95ellipse": 0.9534883720930233,
  "hol_bhattacharyya_dm1_vs_ctrl": 1.1697232381044838,
  "hol_fisher_separation_dm1_vs_ctrl": 1.5471931181363623,
  "hol_centroid_dist_dm1_vs_ctrl": 0.08249196875925967,
  "hol_silhouette_dm1_vs_ctrl": 0.07801979724257421,
  "hol_frac_controls_outside_dm1_95ellipse": 0.5,
  "cln_bhattacharyya_dm1_vs_ctrl": 1.1697232381044838,
  "cln_fisher_separation_dm1_vs_ctrl": 1.5471931181363623,
  "cln_centroid_dist_dm1_vs_ctrl": 0.09008891630637214,
  "cln_silhouette_dm1_vs_ctrl": 0.11534669053670955,
  "cln_frac_controls_outside_dm1_95ellipse": 0.5,
  "align_centroid_dist_box3_to_box12dm1": 0.05105954961495424,
  "align_mahalanobis_centroid_box3_to_box12dm1": 0.7130020937070717,
  "align_mahalanobis_mean_box3_to_box12dm1": 1.261733488054328,
  "align_mahalanobis_median_box3_to_box12dm1": 1.154452141357188,
  "align_mahalanobis_max_box3_to_box12dm1": 2.739851218300017,
  "align_frac_box3_inside_dm1_95ellipse": 0.9090909090909091,
  "align_frac_box3_inside_dm1_hull": 0.8181818181818182,
  "align_mean_nn_dist_box3_to_box12dm1": 0.012021814295085677,
  "align_frac_box12dm1_inside_own_95ellipse": 0.9534883720930233
}