{
  "run_name": "NORMALIZATION+EMSC TRIM_700_2800 ALL_SPECTRA",
  "concept": "WEIGHTS__BOX12_ALL",
  "preprocessing": "NORMALIZATION+EMSC",
  "spectrum_mode": "TRIM_700_2800",
  "spectral_window": "TRIM_700_2800",
  "plot_type": "ALL_SPECTRA",
  "question_id": "Q3A",
  "primary_question_id": "Q3A",
  "related_questions": "Q3A, Q3B, Q4",
  "pc1_var": 0.8062977178431823,
  "pc2_var": 0.12534649632474545,
  "n_box12_dm1": 387,
  "n_box3_dm1": 99,
  "n_controls": 54,
  "rho_pc1": 0.6001775947587926,
  "rho_pc2": 0.4063129655610731,
  "grad_score": 0.6001775947587926,
  "cv_r2_pc12_to_si": 0.32461880799487275,
  "centroid_dist_box3_to_box12dm1": 0.045385357399633286,
  "mahalanobis_centroid_box3_to_box12dm1": 0.5436371443302174,
  "mahalanobis_mean_box3_to_box12dm1": 1.1865622923171042,
  "mahalanobis_median_box3_to_box12dm1": 1.113853058182311,
  "mahalanobis_max_box3_to_box12dm1": 3.8151815651823293,
  "frac_box3_inside_dm1_95ellipse": 0.9191919191919192,
  "frac_box3_inside_dm1_hull": 0.98989898989899,
  "mean_nn_dist_box3_to_box12dm1": 0.005183644820853662,
  "frac_box12dm1_inside_own_95ellipse": 0.9224806201550387,
  "hol_bhattacharyya_dm1_vs_ctrl": 1.0667750567964893,
  "hol_fisher_separation_dm1_vs_ctrl": 1.0239460521868073,
  "hol_centroid_dist_dm1_vs_ctrl": 0.08078995288591889,
  "hol_silhouette_dm1_vs_ctrl": 0.023537045057528048,
  "hol_frac_controls_outside_dm1_95ellipse": 0.20370370370370372,
  "cln_bhattacharyya_dm1_vs_ctrl": 1.0667750567964893,
  "cln_fisher_separation_dm1_vs_ctrl": 1.0239460521868073,
  "cln_centroid_dist_dm1_vs_ctrl": 0.08759883759949932,
  "cln_silhouette_dm1_vs_ctrl": 0.049019315154992874,
  "cln_frac_controls_outside_dm1_95ellipse": 0.20370370370370372,
  "align_centroid_dist_box3_to_box12dm1": 0.045385357399633286,
  "align_mahalanobis_centroid_box3_to_box12dm1": 0.5436371443302174,
  "align_mahalanobis_mean_box3_to_box12dm1": 1.1865622923171042,
  "align_mahalanobis_median_box3_to_box12dm1": 1.113853058182311,
  "align_mahalanobis_max_box3_to_box12dm1": 3.8151815651823293,
  "align_frac_box3_inside_dm1_95ellipse": 0.9191919191919192,
  "align_frac_box3_inside_dm1_hull": 0.98989898989899,
  "align_mean_nn_dist_box3_to_box12dm1": 0.005183644820853662,
  "align_frac_box12dm1_inside_own_95ellipse": 0.9224806201550387
}