{
  "run_name": "EMSC TRIM_500_3100 PATIENT_AVG",
  "concept": "WEIGHTS__BOX12_DM1_ONLY",
  "preprocessing": "EMSC",
  "spectrum_mode": "TRIM_500_3100",
  "spectral_window": "TRIM_500_3100",
  "plot_type": "PATIENT_AVG",
  "question_id": "Q6",
  "primary_question_id": "Q2",
  "related_questions": "Q2, Q5, Q6",
  "pc1_var": 0.68292020832376,
  "pc2_var": 0.23235226400502398,
  "n_box12_dm1": 43,
  "n_box3_dm1": 11,
  "n_controls": 6,
  "rho_pc1": 0.6399849012172261,
  "rho_pc2": 0.3851236573696581,
  "grad_score": 0.6399849012172261,
  "cv_r2_pc12_to_si": 0.4173811920111056,
  "centroid_dist_box3_to_box12dm1": 6557.86171175992,
  "mahalanobis_centroid_box3_to_box12dm1": 0.7394713289812849,
  "mahalanobis_mean_box3_to_box12dm1": 1.2940333880007027,
  "mahalanobis_median_box3_to_box12dm1": 1.3979128541271826,
  "mahalanobis_max_box3_to_box12dm1": 2.2750323174214864,
  "frac_box3_inside_dm1_95ellipse": 1.0,
  "frac_box3_inside_dm1_hull": 0.7272727272727273,
  "mean_nn_dist_box3_to_box12dm1": 2462.7055488567557,
  "frac_box12dm1_inside_own_95ellipse": 0.9767441860465116,
  "hol_bhattacharyya_dm1_vs_ctrl": 0.9233758887995754,
  "hol_fisher_separation_dm1_vs_ctrl": 4.014125617507595,
  "hol_centroid_dist_dm1_vs_ctrl": 22338.193722342003,
  "hol_silhouette_dm1_vs_ctrl": 0.4249221019046083,
  "hol_frac_controls_outside_dm1_95ellipse": 0.6666666666666667,
  "cln_bhattacharyya_dm1_vs_ctrl": 0.9233758887995754,
  "cln_fisher_separation_dm1_vs_ctrl": 4.014125617507595,
  "cln_centroid_dist_dm1_vs_ctrl": 23018.08208134337,
  "cln_silhouette_dm1_vs_ctrl": 0.4456440831985682,
  "cln_frac_controls_outside_dm1_95ellipse": 0.6666666666666667,
  "align_centroid_dist_box3_to_box12dm1": 6557.86171175992,
  "align_mahalanobis_centroid_box3_to_box12dm1": 0.7394713289812849,
  "align_mahalanobis_mean_box3_to_box12dm1": 1.2940333880007027,
  "align_mahalanobis_median_box3_to_box12dm1": 1.3979128541271826,
  "align_mahalanobis_max_box3_to_box12dm1": 2.2750323174214864,
  "align_frac_box3_inside_dm1_95ellipse": 1.0,
  "align_frac_box3_inside_dm1_hull": 0.7272727272727273,
  "align_mean_nn_dist_box3_to_box12dm1": 2462.7055488567557,
  "align_frac_box12dm1_inside_own_95ellipse": 0.9767441860465116
}