{
  "run_name": "NORMALIZATION+SNV+SECOND DERIVATIVE FULL_SPECTRUM PATIENT_AVG",
  "concept": "WEIGHTS__BOX12_ALL",
  "preprocessing": "NORMALIZATION+SNV+SECOND DERIVATIVE",
  "spectrum_mode": "FULL_SPECTRUM",
  "spectral_window": "FULL_SPECTRUM",
  "plot_type": "PATIENT_AVG",
  "question_id": "Q4",
  "primary_question_id": "Q3A",
  "related_questions": "Q3A, Q3B, Q4",
  "pc1_var": 0.5713967873113405,
  "pc2_var": 0.0285073725649317,
  "n_box12_dm1": 43,
  "n_box3_dm1": 11,
  "n_controls": 6,
  "rho_pc1": 0.09537474103095651,
  "rho_pc2": 0.2925429507156972,
  "grad_score": 0.2925429507156972,
  "cv_r2_pc12_to_si": 0.10521930270982627,
  "centroid_dist_box3_to_box12dm1": 0.1546122214109044,
  "mahalanobis_centroid_box3_to_box12dm1": 0.4687035570991924,
  "mahalanobis_mean_box3_to_box12dm1": 0.7254347276550032,
  "mahalanobis_median_box3_to_box12dm1": 0.6297984845322352,
  "mahalanobis_max_box3_to_box12dm1": 1.32961570885856,
  "frac_box3_inside_dm1_95ellipse": 1.0,
  "frac_box3_inside_dm1_hull": 0.9090909090909091,
  "mean_nn_dist_box3_to_box12dm1": 0.041251434491852035,
  "frac_box12dm1_inside_own_95ellipse": 0.8837209302325582,
  "hol_bhattacharyya_dm1_vs_ctrl": 1.0737227266563845,
  "hol_fisher_separation_dm1_vs_ctrl": 0.5078825029960048,
  "hol_centroid_dist_dm1_vs_ctrl": 0.442198293255819,
  "hol_silhouette_dm1_vs_ctrl": -0.040838153420837645,
  "hol_frac_controls_outside_dm1_95ellipse": 0.0,
  "cln_bhattacharyya_dm1_vs_ctrl": 1.0737227266563845,
  "cln_fisher_separation_dm1_vs_ctrl": 0.5078825029960048,
  "cln_centroid_dist_dm1_vs_ctrl": 0.41445493516530707,
  "cln_silhouette_dm1_vs_ctrl": -0.06272990991122265,
  "cln_frac_controls_outside_dm1_95ellipse": 0.0,
  "align_centroid_dist_box3_to_box12dm1": 0.1546122214109044,
  "align_mahalanobis_centroid_box3_to_box12dm1": 0.4687035570991924,
  "align_mahalanobis_mean_box3_to_box12dm1": 0.7254347276550032,
  "align_mahalanobis_median_box3_to_box12dm1": 0.6297984845322352,
  "align_mahalanobis_max_box3_to_box12dm1": 1.32961570885856,
  "align_frac_box3_inside_dm1_95ellipse": 1.0,
  "align_frac_box3_inside_dm1_hull": 0.9090909090909091,
  "align_mean_nn_dist_box3_to_box12dm1": 0.041251434491852035,
  "align_frac_box12dm1_inside_own_95ellipse": 0.8837209302325582
}