{
  "run_name": "RAW TRIM_700_2800 PATIENT_AVG",
  "concept": "WEIGHTS__BOX12_DM1_ONLY",
  "preprocessing": "RAW",
  "spectrum_mode": "TRIM_700_2800",
  "spectral_window": "TRIM_700_2800",
  "plot_type": "PATIENT_AVG",
  "question_id": "Q5",
  "primary_question_id": "Q2",
  "related_questions": "Q2, Q5, Q6",
  "pc1_var": 0.9912094237153563,
  "pc2_var": 0.004381819934610155,
  "n_box12_dm1": 43,
  "n_box3_dm1": 11,
  "n_controls": 6,
  "rho_pc1": -0.5706626428906876,
  "rho_pc2": -0.25652256158524095,
  "grad_score": 0.5706626428906876,
  "cv_r2_pc12_to_si": 0.42112444026317486,
  "centroid_dist_box3_to_box12dm1": 41794.92323150044,
  "mahalanobis_centroid_box3_to_box12dm1": 0.7527514258259144,
  "mahalanobis_mean_box3_to_box12dm1": 1.1634164539846086,
  "mahalanobis_median_box3_to_box12dm1": 1.1157997162191022,
  "mahalanobis_max_box3_to_box12dm1": 2.53676037813984,
  "frac_box3_inside_dm1_95ellipse": 0.9090909090909091,
  "frac_box3_inside_dm1_hull": 0.8181818181818182,
  "mean_nn_dist_box3_to_box12dm1": 5088.7498715179445,
  "frac_box12dm1_inside_own_95ellipse": 0.9767441860465116,
  "hol_bhattacharyya_dm1_vs_ctrl": 0.7405880403613373,
  "hol_fisher_separation_dm1_vs_ctrl": 2.9051224674596834,
  "hol_centroid_dist_dm1_vs_ctrl": 107541.61670763369,
  "hol_silhouette_dm1_vs_ctrl": 0.24154689044887037,
  "hol_frac_controls_outside_dm1_95ellipse": 0.33333333333333337,
  "cln_bhattacharyya_dm1_vs_ctrl": 0.7405880403613373,
  "cln_fisher_separation_dm1_vs_ctrl": 2.9051224674596834,
  "cln_centroid_dist_dm1_vs_ctrl": 116055.15249056715,
  "cln_silhouette_dm1_vs_ctrl": 0.275615485376196,
  "cln_frac_controls_outside_dm1_95ellipse": 0.33333333333333337,
  "align_centroid_dist_box3_to_box12dm1": 41794.92323150044,
  "align_mahalanobis_centroid_box3_to_box12dm1": 0.7527514258259144,
  "align_mahalanobis_mean_box3_to_box12dm1": 1.1634164539846086,
  "align_mahalanobis_median_box3_to_box12dm1": 1.1157997162191022,
  "align_mahalanobis_max_box3_to_box12dm1": 2.53676037813984,
  "align_frac_box3_inside_dm1_95ellipse": 0.9090909090909091,
  "align_frac_box3_inside_dm1_hull": 0.8181818181818182,
  "align_mean_nn_dist_box3_to_box12dm1": 5088.7498715179445,
  "align_frac_box12dm1_inside_own_95ellipse": 0.9767441860465116
}