{
  "run_name": "NORMALIZATION+SNV+SECOND DERIVATIVE FULL_SPECTRUM ALL_SPECTRA",
  "concept": "WEIGHTS__BOX12_DM1_ONLY",
  "preprocessing": "NORMALIZATION+SNV+SECOND DERIVATIVE",
  "spectrum_mode": "FULL_SPECTRUM",
  "spectral_window": "FULL_SPECTRUM",
  "plot_type": "ALL_SPECTRA",
  "question_id": "Q5",
  "primary_question_id": "Q2",
  "related_questions": "Q2, Q5, Q6",
  "pc1_var": 0.2432136807269368,
  "pc2_var": 0.009406027634624529,
  "n_box12_dm1": 387,
  "n_box3_dm1": 99,
  "n_controls": 54,
  "rho_pc1": 0.0752845652391831,
  "rho_pc2": 0.005005922623332125,
  "grad_score": 0.0752845652391831,
  "cv_r2_pc12_to_si": 0.025606591346822083,
  "centroid_dist_box3_to_box12dm1": 0.22340938164230903,
  "mahalanobis_centroid_box3_to_box12dm1": 0.26923931990258343,
  "mahalanobis_mean_box3_to_box12dm1": 0.4797380263393307,
  "mahalanobis_median_box3_to_box12dm1": 0.38420231634091095,
  "mahalanobis_max_box3_to_box12dm1": 1.8038127273744204,
  "frac_box3_inside_dm1_95ellipse": 1.0,
  "frac_box3_inside_dm1_hull": 0.9696969696969697,
  "mean_nn_dist_box3_to_box12dm1": 0.018620786616017806,
  "frac_box12dm1_inside_own_95ellipse": 0.9276485788113695,
  "hol_bhattacharyya_dm1_vs_ctrl": 1.1795848002012994,
  "hol_fisher_separation_dm1_vs_ctrl": 0.1497761289718561,
  "hol_centroid_dist_dm1_vs_ctrl": 0.36237101930475707,
  "hol_silhouette_dm1_vs_ctrl": -0.0836508755909043,
  "hol_frac_controls_outside_dm1_95ellipse": 0.0,
  "cln_bhattacharyya_dm1_vs_ctrl": 1.1795848002012994,
  "cln_fisher_separation_dm1_vs_ctrl": 0.1497761289718561,
  "cln_centroid_dist_dm1_vs_ctrl": 0.316973469225677,
  "cln_silhouette_dm1_vs_ctrl": -0.09392362080870637,
  "cln_frac_controls_outside_dm1_95ellipse": 0.0,
  "align_centroid_dist_box3_to_box12dm1": 0.22340938164230903,
  "align_mahalanobis_centroid_box3_to_box12dm1": 0.26923931990258343,
  "align_mahalanobis_mean_box3_to_box12dm1": 0.4797380263393307,
  "align_mahalanobis_median_box3_to_box12dm1": 0.38420231634091095,
  "align_mahalanobis_max_box3_to_box12dm1": 1.8038127273744204,
  "align_frac_box3_inside_dm1_95ellipse": 1.0,
  "align_frac_box3_inside_dm1_hull": 0.9696969696969697,
  "align_mean_nn_dist_box3_to_box12dm1": 0.018620786616017806,
  "align_frac_box12dm1_inside_own_95ellipse": 0.9276485788113695
}