{
  "run_name": "NORMALIZATION+SNV TRIM_500_3100 PATIENT_AVG",
  "concept": "WEIGHTS__BOX12_DM1_ONLY",
  "preprocessing": "NORMALIZATION+SNV",
  "spectrum_mode": "TRIM_500_3100",
  "spectral_window": "TRIM_500_3100",
  "plot_type": "PATIENT_AVG",
  "question_id": "Q5",
  "primary_question_id": "Q2",
  "related_questions": "Q2, Q5, Q6",
  "pc1_var": 0.6079297684754944,
  "pc2_var": 0.27869444433826446,
  "n_box12_dm1": 43,
  "n_box3_dm1": 11,
  "n_controls": 6,
  "rho_pc1": 0.5144043831376689,
  "rho_pc2": 0.39599773710715436,
  "grad_score": 0.5144043831376689,
  "cv_r2_pc12_to_si": 0.3452786007584465,
  "centroid_dist_box3_to_box12dm1": 4.474171156685272,
  "mahalanobis_centroid_box3_to_box12dm1": 0.7489033922691737,
  "mahalanobis_mean_box3_to_box12dm1": 1.0358351578513556,
  "mahalanobis_median_box3_to_box12dm1": 0.9562008821027008,
  "mahalanobis_max_box3_to_box12dm1": 2.083704770082928,
  "frac_box3_inside_dm1_95ellipse": 1.0,
  "frac_box3_inside_dm1_hull": 0.7272727272727273,
  "mean_nn_dist_box3_to_box12dm1": 1.0108917133776532,
  "frac_box12dm1_inside_own_95ellipse": 0.8837209302325582,
  "hol_bhattacharyya_dm1_vs_ctrl": 1.2421785549044622,
  "hol_fisher_separation_dm1_vs_ctrl": 1.7112833322855452,
  "hol_centroid_dist_dm1_vs_ctrl": 9.750538731842994,
  "hol_silhouette_dm1_vs_ctrl": 0.15616011827002968,
  "hol_frac_controls_outside_dm1_95ellipse": 0.16666666666666663,
  "cln_bhattacharyya_dm1_vs_ctrl": 1.2421785549044622,
  "cln_fisher_separation_dm1_vs_ctrl": 1.7112833322855452,
  "cln_centroid_dist_dm1_vs_ctrl": 10.252320503275204,
  "cln_silhouette_dm1_vs_ctrl": 0.16647058436048418,
  "cln_frac_controls_outside_dm1_95ellipse": 0.16666666666666663,
  "align_centroid_dist_box3_to_box12dm1": 4.474171156685272,
  "align_mahalanobis_centroid_box3_to_box12dm1": 0.7489033922691737,
  "align_mahalanobis_mean_box3_to_box12dm1": 1.0358351578513556,
  "align_mahalanobis_median_box3_to_box12dm1": 0.9562008821027008,
  "align_mahalanobis_max_box3_to_box12dm1": 2.083704770082928,
  "align_frac_box3_inside_dm1_95ellipse": 1.0,
  "align_frac_box3_inside_dm1_hull": 0.7272727272727273,
  "align_mean_nn_dist_box3_to_box12dm1": 1.0108917133776532,
  "align_frac_box12dm1_inside_own_95ellipse": 0.8837209302325582
}