{
  "run_name": "SECOND DERIVATIVE TRIM_500_3100 ALL_SPECTRA",
  "concept": "WEIGHTS__BOX12_ALL",
  "preprocessing": "SECOND DERIVATIVE",
  "spectrum_mode": "TRIM_500_3100",
  "spectral_window": "TRIM_500_3100",
  "plot_type": "ALL_SPECTRA",
  "question_id": "Q3A",
  "primary_question_id": "Q3A",
  "related_questions": "Q3A, Q3B, Q4",
  "pc1_var": 0.8779554272848751,
  "pc2_var": 0.0032055517141619597,
  "n_box12_dm1": 387,
  "n_box3_dm1": 99,
  "n_controls": 54,
  "rho_pc1": -0.6026362847383776,
  "rho_pc2": 0.2232095321572452,
  "grad_score": 0.6026362847383776,
  "cv_r2_pc12_to_si": 0.3949116724145726,
  "centroid_dist_box3_to_box12dm1": 1373.7777251752264,
  "mahalanobis_centroid_box3_to_box12dm1": 0.6049366019858883,
  "mahalanobis_mean_box3_to_box12dm1": 1.1047902779689844,
  "mahalanobis_median_box3_to_box12dm1": 1.135160099629351,
  "mahalanobis_max_box3_to_box12dm1": 2.798869706332342,
  "frac_box3_inside_dm1_95ellipse": 0.9797979797979798,
  "frac_box3_inside_dm1_hull": 0.9797979797979798,
  "mean_nn_dist_box3_to_box12dm1": 60.708469056598474,
  "frac_box12dm1_inside_own_95ellipse": 0.937984496124031,
  "hol_bhattacharyya_dm1_vs_ctrl": 0.5193641056046359,
  "hol_fisher_separation_dm1_vs_ctrl": 1.9402443974243366,
  "hol_centroid_dist_dm1_vs_ctrl": 2944.511062335063,
  "hol_silhouette_dm1_vs_ctrl": 0.1925318374365972,
  "hol_frac_controls_outside_dm1_95ellipse": 0.37037037037037035,
  "cln_bhattacharyya_dm1_vs_ctrl": 0.5193641056046359,
  "cln_fisher_separation_dm1_vs_ctrl": 1.9402443974243366,
  "cln_centroid_dist_dm1_vs_ctrl": 3223.960013401291,
  "cln_silhouette_dm1_vs_ctrl": 0.2361357342266029,
  "cln_frac_controls_outside_dm1_95ellipse": 0.37037037037037035,
  "align_centroid_dist_box3_to_box12dm1": 1373.7777251752264,
  "align_mahalanobis_centroid_box3_to_box12dm1": 0.6049366019858883,
  "align_mahalanobis_mean_box3_to_box12dm1": 1.1047902779689844,
  "align_mahalanobis_median_box3_to_box12dm1": 1.135160099629351,
  "align_mahalanobis_max_box3_to_box12dm1": 2.798869706332342,
  "align_frac_box3_inside_dm1_95ellipse": 0.9797979797979798,
  "align_frac_box3_inside_dm1_hull": 0.9797979797979798,
  "align_mean_nn_dist_box3_to_box12dm1": 60.708469056598474,
  "align_frac_box12dm1_inside_own_95ellipse": 0.937984496124031
}