{
  "run_name": "NORMALIZATION FULL_SPECTRUM ALL_SPECTRA",
  "concept": "WEIGHTS__BOX12_ALL",
  "preprocessing": "NORMALIZATION",
  "spectrum_mode": "FULL_SPECTRUM",
  "spectral_window": "FULL_SPECTRUM",
  "plot_type": "ALL_SPECTRA",
  "question_id": "Q4",
  "primary_question_id": "Q3A",
  "related_questions": "Q3A, Q3B, Q4",
  "pc1_var": 0.7779567580601778,
  "pc2_var": 0.13700177666422114,
  "n_box12_dm1": 387,
  "n_box3_dm1": 99,
  "n_controls": 54,
  "rho_pc1": 0.6214380864662641,
  "rho_pc2": 0.20433503224194102,
  "grad_score": 0.6214380864662641,
  "cv_r2_pc12_to_si": 0.408534881594805,
  "centroid_dist_box3_to_box12dm1": 0.1195785646801225,
  "mahalanobis_centroid_box3_to_box12dm1": 0.8113017053614775,
  "mahalanobis_mean_box3_to_box12dm1": 1.2077374114129609,
  "mahalanobis_median_box3_to_box12dm1": 1.2471104775846122,
  "mahalanobis_max_box3_to_box12dm1": 2.551745834072148,
  "frac_box3_inside_dm1_95ellipse": 0.98989898989899,
  "frac_box3_inside_dm1_hull": 0.9797979797979798,
  "mean_nn_dist_box3_to_box12dm1": 0.00931004149017398,
  "frac_box12dm1_inside_own_95ellipse": 0.9612403100775194,
  "hol_bhattacharyya_dm1_vs_ctrl": 1.3514912113705506,
  "hol_fisher_separation_dm1_vs_ctrl": 1.6122542480614326,
  "hol_centroid_dist_dm1_vs_ctrl": 0.16883812035168067,
  "hol_silhouette_dm1_vs_ctrl": 0.051966498689668815,
  "hol_frac_controls_outside_dm1_95ellipse": 0.16666666666666663,
  "cln_bhattacharyya_dm1_vs_ctrl": 1.3514912113705506,
  "cln_fisher_separation_dm1_vs_ctrl": 1.6122542480614326,
  "cln_centroid_dist_dm1_vs_ctrl": 0.18956280259614655,
  "cln_silhouette_dm1_vs_ctrl": 0.11369207505804738,
  "cln_frac_controls_outside_dm1_95ellipse": 0.16666666666666663,
  "align_centroid_dist_box3_to_box12dm1": 0.1195785646801225,
  "align_mahalanobis_centroid_box3_to_box12dm1": 0.8113017053614775,
  "align_mahalanobis_mean_box3_to_box12dm1": 1.2077374114129609,
  "align_mahalanobis_median_box3_to_box12dm1": 1.2471104775846122,
  "align_mahalanobis_max_box3_to_box12dm1": 2.551745834072148,
  "align_frac_box3_inside_dm1_95ellipse": 0.98989898989899,
  "align_frac_box3_inside_dm1_hull": 0.9797979797979798,
  "align_mean_nn_dist_box3_to_box12dm1": 0.00931004149017398,
  "align_frac_box12dm1_inside_own_95ellipse": 0.9612403100775194
}