{
  "run_name": "NORMALIZATION+EMSC FULL_SPECTRUM PATIENT_AVG",
  "concept": "WEIGHTS__BOX12_DM1_ONLY",
  "preprocessing": "NORMALIZATION+EMSC",
  "spectrum_mode": "FULL_SPECTRUM",
  "spectral_window": "FULL_SPECTRUM",
  "plot_type": "PATIENT_AVG",
  "question_id": "Q6",
  "primary_question_id": "Q2",
  "related_questions": "Q2, Q5, Q6",
  "pc1_var": 0.8543034308009826,
  "pc2_var": 0.08764173138453647,
  "n_box12_dm1": 43,
  "n_box3_dm1": 11,
  "n_controls": 6,
  "rho_pc1": 0.642552392266357,
  "rho_pc2": 0.08223522801481524,
  "grad_score": 0.642552392266357,
  "cv_r2_pc12_to_si": 0.4384793449258205,
  "centroid_dist_box3_to_box12dm1": 0.12336386894260398,
  "mahalanobis_centroid_box3_to_box12dm1": 0.8680490550290971,
  "mahalanobis_mean_box3_to_box12dm1": 1.226528365171261,
  "mahalanobis_median_box3_to_box12dm1": 1.312416081641922,
  "mahalanobis_max_box3_to_box12dm1": 2.0468478672596357,
  "frac_box3_inside_dm1_95ellipse": 1.0,
  "frac_box3_inside_dm1_hull": 0.8181818181818182,
  "mean_nn_dist_box3_to_box12dm1": 0.017979164647526434,
  "frac_box12dm1_inside_own_95ellipse": 0.9767441860465116,
  "hol_bhattacharyya_dm1_vs_ctrl": 1.5143755086664497,
  "hol_fisher_separation_dm1_vs_ctrl": 1.7889747109076497,
  "hol_centroid_dist_dm1_vs_ctrl": 0.16442695018191328,
  "hol_silhouette_dm1_vs_ctrl": 0.058065173848992936,
  "hol_frac_controls_outside_dm1_95ellipse": 0.5,
  "cln_bhattacharyya_dm1_vs_ctrl": 1.5143755086664497,
  "cln_fisher_separation_dm1_vs_ctrl": 1.7889747109076497,
  "cln_centroid_dist_dm1_vs_ctrl": 0.18577702664599885,
  "cln_silhouette_dm1_vs_ctrl": 0.12361999993856669,
  "cln_frac_controls_outside_dm1_95ellipse": 0.5,
  "align_centroid_dist_box3_to_box12dm1": 0.12336386894260398,
  "align_mahalanobis_centroid_box3_to_box12dm1": 0.8680490550290971,
  "align_mahalanobis_mean_box3_to_box12dm1": 1.226528365171261,
  "align_mahalanobis_median_box3_to_box12dm1": 1.312416081641922,
  "align_mahalanobis_max_box3_to_box12dm1": 2.0468478672596357,
  "align_frac_box3_inside_dm1_95ellipse": 1.0,
  "align_frac_box3_inside_dm1_hull": 0.8181818181818182,
  "align_mean_nn_dist_box3_to_box12dm1": 0.017979164647526434,
  "align_frac_box12dm1_inside_own_95ellipse": 0.9767441860465116
}