{
  "run_name": "RAW TRIM_700_2800 ALL_SPECTRA",
  "concept": "WEIGHTS__BOX12_ALL",
  "preprocessing": "RAW",
  "spectrum_mode": "TRIM_700_2800",
  "spectral_window": "TRIM_700_2800",
  "plot_type": "ALL_SPECTRA",
  "question_id": "Q3B",
  "primary_question_id": "Q3A",
  "related_questions": "Q3A, Q3B, Q4",
  "pc1_var": 0.9880277924508568,
  "pc2_var": 0.0063366399980570995,
  "n_box12_dm1": 387,
  "n_box3_dm1": 99,
  "n_controls": 54,
  "rho_pc1": -0.5856575298641937,
  "rho_pc2": 0.4821912326641665,
  "grad_score": 0.5856575298641937,
  "cv_r2_pc12_to_si": 0.3758191077098699,
  "centroid_dist_box3_to_box12dm1": 41746.01155772496,
  "mahalanobis_centroid_box3_to_box12dm1": 0.6063612612014225,
  "mahalanobis_mean_box3_to_box12dm1": 1.2368097285362099,
  "mahalanobis_median_box3_to_box12dm1": 1.2683933161803234,
  "mahalanobis_max_box3_to_box12dm1": 2.959156004368356,
  "frac_box3_inside_dm1_95ellipse": 0.9292929292929293,
  "frac_box3_inside_dm1_hull": 0.9494949494949495,
  "mean_nn_dist_box3_to_box12dm1": 2217.398413216528,
  "frac_box12dm1_inside_own_95ellipse": 0.9328165374677002,
  "hol_bhattacharyya_dm1_vs_ctrl": 0.7294670189837469,
  "hol_fisher_separation_dm1_vs_ctrl": 2.631191756225294,
  "hol_centroid_dist_dm1_vs_ctrl": 108319.21709062025,
  "hol_silhouette_dm1_vs_ctrl": 0.2748177192679049,
  "hol_frac_controls_outside_dm1_95ellipse": 0.5,
  "cln_bhattacharyya_dm1_vs_ctrl": 0.7294670189837469,
  "cln_fisher_separation_dm1_vs_ctrl": 2.631191756225294,
  "cln_centroid_dist_dm1_vs_ctrl": 116764.10214113095,
  "cln_silhouette_dm1_vs_ctrl": 0.3140272948497901,
  "cln_frac_controls_outside_dm1_95ellipse": 0.5,
  "align_centroid_dist_box3_to_box12dm1": 41746.01155772496,
  "align_mahalanobis_centroid_box3_to_box12dm1": 0.6063612612014225,
  "align_mahalanobis_mean_box3_to_box12dm1": 1.2368097285362099,
  "align_mahalanobis_median_box3_to_box12dm1": 1.2683933161803234,
  "align_mahalanobis_max_box3_to_box12dm1": 2.959156004368356,
  "align_frac_box3_inside_dm1_95ellipse": 0.9292929292929293,
  "align_frac_box3_inside_dm1_hull": 0.9494949494949495,
  "align_mean_nn_dist_box3_to_box12dm1": 2217.398413216528,
  "align_frac_box12dm1_inside_own_95ellipse": 0.9328165374677002
}