{
  "run_name": "NORMALIZATION+SNV+SECOND DERIVATIVE TRIM_500_3100 ALL_SPECTRA",
  "concept": "WEIGHTS__BOX12_ALL",
  "preprocessing": "NORMALIZATION+SNV+SECOND DERIVATIVE",
  "spectrum_mode": "TRIM_500_3100",
  "spectral_window": "TRIM_500_3100",
  "plot_type": "ALL_SPECTRA",
  "question_id": "Q3A",
  "primary_question_id": "Q3A",
  "related_questions": "Q3A, Q3B, Q4",
  "pc1_var": 0.17530866202479634,
  "pc2_var": 0.024070090242525634,
  "n_box12_dm1": 387,
  "n_box3_dm1": 99,
  "n_controls": 54,
  "rho_pc1": -0.32404657824566935,
  "rho_pc2": -0.20136465886630156,
  "grad_score": 0.32404657824566935,
  "cv_r2_pc12_to_si": 0.01249810905355786,
  "centroid_dist_box3_to_box12dm1": 0.04624429846003448,
  "mahalanobis_centroid_box3_to_box12dm1": 0.1103838753733101,
  "mahalanobis_mean_box3_to_box12dm1": 0.4316345736507025,
  "mahalanobis_median_box3_to_box12dm1": 0.33081304399677713,
  "mahalanobis_max_box3_to_box12dm1": 2.4534965853920028,
  "frac_box3_inside_dm1_95ellipse": 0.98989898989899,
  "frac_box3_inside_dm1_hull": 0.9696969696969697,
  "mean_nn_dist_box3_to_box12dm1": 0.021696139312468086,
  "frac_box12dm1_inside_own_95ellipse": 0.9689922480620154,
  "hol_bhattacharyya_dm1_vs_ctrl": 1.619800438057223,
  "hol_fisher_separation_dm1_vs_ctrl": 0.3498111736137149,
  "hol_centroid_dist_dm1_vs_ctrl": 0.449974033083015,
  "hol_silhouette_dm1_vs_ctrl": 0.013103382277737661,
  "hol_frac_controls_outside_dm1_95ellipse": 0.0,
  "cln_bhattacharyya_dm1_vs_ctrl": 1.619800438057223,
  "cln_fisher_separation_dm1_vs_ctrl": 0.3498111736137149,
  "cln_centroid_dist_dm1_vs_ctrl": 0.45784284433868905,
  "cln_silhouette_dm1_vs_ctrl": 0.04316759597018182,
  "cln_frac_controls_outside_dm1_95ellipse": 0.0,
  "align_centroid_dist_box3_to_box12dm1": 0.04624429846003448,
  "align_mahalanobis_centroid_box3_to_box12dm1": 0.1103838753733101,
  "align_mahalanobis_mean_box3_to_box12dm1": 0.4316345736507025,
  "align_mahalanobis_median_box3_to_box12dm1": 0.33081304399677713,
  "align_mahalanobis_max_box3_to_box12dm1": 2.4534965853920028,
  "align_frac_box3_inside_dm1_95ellipse": 0.98989898989899,
  "align_frac_box3_inside_dm1_hull": 0.9696969696969697,
  "align_mean_nn_dist_box3_to_box12dm1": 0.021696139312468086,
  "align_frac_box12dm1_inside_own_95ellipse": 0.9689922480620154
}