{
  "run_name": "RAW FULL_SPECTRUM ALL_SPECTRA",
  "concept": "WEIGHTS__BOX12_ALL",
  "preprocessing": "RAW",
  "spectrum_mode": "FULL_SPECTRUM",
  "spectral_window": "FULL_SPECTRUM",
  "plot_type": "ALL_SPECTRA",
  "question_id": "Q4",
  "primary_question_id": "Q3A",
  "related_questions": "Q3A, Q3B, Q4",
  "pc1_var": 0.9708071060222419,
  "pc2_var": 0.018124747541431955,
  "n_box12_dm1": 387,
  "n_box3_dm1": 99,
  "n_controls": 54,
  "rho_pc1": -0.5764761216045688,
  "rho_pc2": 0.4369459312771514,
  "grad_score": 0.5764761216045688,
  "cv_r2_pc12_to_si": 0.3491163727819546,
  "centroid_dist_box3_to_box12dm1": 46016.76565596631,
  "mahalanobis_centroid_box3_to_box12dm1": 0.616136836661145,
  "mahalanobis_mean_box3_to_box12dm1": 1.1754589706254666,
  "mahalanobis_median_box3_to_box12dm1": 1.1147703295639828,
  "mahalanobis_max_box3_to_box12dm1": 2.6445897856060454,
  "frac_box3_inside_dm1_95ellipse": 0.9494949494949495,
  "frac_box3_inside_dm1_hull": 0.9595959595959596,
  "mean_nn_dist_box3_to_box12dm1": 3540.059499352658,
  "frac_box12dm1_inside_own_95ellipse": 0.9302325581395349,
  "hol_bhattacharyya_dm1_vs_ctrl": 0.7919917658949124,
  "hol_fisher_separation_dm1_vs_ctrl": 3.0315101257648527,
  "hol_centroid_dist_dm1_vs_ctrl": 135309.5448876094,
  "hol_silhouette_dm1_vs_ctrl": 0.3280059346962922,
  "hol_frac_controls_outside_dm1_95ellipse": 0.8333333333333334,
  "cln_bhattacharyya_dm1_vs_ctrl": 0.7919917658949124,
  "cln_fisher_separation_dm1_vs_ctrl": 3.0315101257648527,
  "cln_centroid_dist_dm1_vs_ctrl": 144492.2371354581,
  "cln_silhouette_dm1_vs_ctrl": 0.36037929297874743,
  "cln_frac_controls_outside_dm1_95ellipse": 0.8333333333333334,
  "align_centroid_dist_box3_to_box12dm1": 46016.76565596631,
  "align_mahalanobis_centroid_box3_to_box12dm1": 0.616136836661145,
  "align_mahalanobis_mean_box3_to_box12dm1": 1.1754589706254666,
  "align_mahalanobis_median_box3_to_box12dm1": 1.1147703295639828,
  "align_mahalanobis_max_box3_to_box12dm1": 2.6445897856060454,
  "align_frac_box3_inside_dm1_95ellipse": 0.9494949494949495,
  "align_frac_box3_inside_dm1_hull": 0.9595959595959596,
  "align_mean_nn_dist_box3_to_box12dm1": 3540.059499352658,
  "align_frac_box12dm1_inside_own_95ellipse": 0.9302325581395349
}