{
  "run_name": "RAW TRIM_700_2800 PATIENT_AVG",
  "concept": "WEIGHTS__BOX12_ALL",
  "preprocessing": "RAW",
  "spectrum_mode": "TRIM_700_2800",
  "spectral_window": "TRIM_700_2800",
  "plot_type": "PATIENT_AVG",
  "question_id": "Q4",
  "primary_question_id": "Q3A",
  "related_questions": "Q3A, Q3B, Q4",
  "pc1_var": 0.9889452436727467,
  "pc2_var": 0.0065142711127942265,
  "n_box12_dm1": 43,
  "n_box3_dm1": 11,
  "n_controls": 6,
  "rho_pc1": -0.5662828052186405,
  "rho_pc2": 0.567717579628449,
  "grad_score": 0.567717579628449,
  "cv_r2_pc12_to_si": 0.43126624123370094,
  "centroid_dist_box3_to_box12dm1": 41762.19557207727,
  "mahalanobis_centroid_box3_to_box12dm1": 0.6312247911489197,
  "mahalanobis_mean_box3_to_box12dm1": 1.117545601013491,
  "mahalanobis_median_box3_to_box12dm1": 1.3098460414091009,
  "mahalanobis_max_box3_to_box12dm1": 2.595607737314447,
  "frac_box3_inside_dm1_95ellipse": 0.9090909090909091,
  "frac_box3_inside_dm1_hull": 0.8181818181818182,
  "mean_nn_dist_box3_to_box12dm1": 5310.837729995159,
  "frac_box12dm1_inside_own_95ellipse": 0.9302325581395349,
  "hol_bhattacharyya_dm1_vs_ctrl": 0.7729765702065409,
  "hol_fisher_separation_dm1_vs_ctrl": 2.9294747615213947,
  "hol_centroid_dist_dm1_vs_ctrl": 108311.22065045491,
  "hol_silhouette_dm1_vs_ctrl": 0.25051954716325325,
  "hol_frac_controls_outside_dm1_95ellipse": 0.5,
  "cln_bhattacharyya_dm1_vs_ctrl": 0.7729765702065409,
  "cln_fisher_separation_dm1_vs_ctrl": 2.9294747615213947,
  "cln_centroid_dist_dm1_vs_ctrl": 116758.12458262534,
  "cln_silhouette_dm1_vs_ctrl": 0.28310884070631936,
  "cln_frac_controls_outside_dm1_95ellipse": 0.5,
  "align_centroid_dist_box3_to_box12dm1": 41762.19557207727,
  "align_mahalanobis_centroid_box3_to_box12dm1": 0.6312247911489197,
  "align_mahalanobis_mean_box3_to_box12dm1": 1.117545601013491,
  "align_mahalanobis_median_box3_to_box12dm1": 1.3098460414091009,
  "align_mahalanobis_max_box3_to_box12dm1": 2.595607737314447,
  "align_frac_box3_inside_dm1_95ellipse": 0.9090909090909091,
  "align_frac_box3_inside_dm1_hull": 0.8181818181818182,
  "align_mean_nn_dist_box3_to_box12dm1": 5310.837729995159,
  "align_frac_box12dm1_inside_own_95ellipse": 0.9302325581395349
}