{
  "run_name": "NORMALIZATION+EMSC FULL_SPECTRUM ALL_SPECTRA",
  "concept": "WEIGHTS__BOX12_DM1_ONLY",
  "preprocessing": "NORMALIZATION+EMSC",
  "spectrum_mode": "FULL_SPECTRUM",
  "spectral_window": "FULL_SPECTRUM",
  "plot_type": "ALL_SPECTRA",
  "question_id": "Q5",
  "primary_question_id": "Q2",
  "related_questions": "Q2, Q5, Q6",
  "pc1_var": 0.7945984245587484,
  "pc2_var": 0.13652265811294925,
  "n_box12_dm1": 387,
  "n_box3_dm1": 99,
  "n_controls": 54,
  "rho_pc1": 0.6262771760697533,
  "rho_pc2": 0.054012889195185876,
  "grad_score": 0.6262771760697533,
  "cv_r2_pc12_to_si": 0.40847707888477447,
  "centroid_dist_box3_to_box12dm1": 0.11853379144429993,
  "mahalanobis_centroid_box3_to_box12dm1": 0.8127694759527816,
  "mahalanobis_mean_box3_to_box12dm1": 1.1502121381973516,
  "mahalanobis_median_box3_to_box12dm1": 1.188332228795496,
  "mahalanobis_max_box3_to_box12dm1": 1.8270733915522148,
  "frac_box3_inside_dm1_95ellipse": 1.0,
  "frac_box3_inside_dm1_hull": 0.98989898989899,
  "mean_nn_dist_box3_to_box12dm1": 0.007782879124542679,
  "frac_box12dm1_inside_own_95ellipse": 0.9560723514211886,
  "hol_bhattacharyya_dm1_vs_ctrl": 1.2355916854250972,
  "hol_fisher_separation_dm1_vs_ctrl": 1.4099066780177472,
  "hol_centroid_dist_dm1_vs_ctrl": 0.15545968423995857,
  "hol_silhouette_dm1_vs_ctrl": -0.006242137159562812,
  "hol_frac_controls_outside_dm1_95ellipse": 0.0,
  "cln_bhattacharyya_dm1_vs_ctrl": 1.2355916854250972,
  "cln_fisher_separation_dm1_vs_ctrl": 1.4099066780177472,
  "cln_centroid_dist_dm1_vs_ctrl": 0.17688254732817962,
  "cln_silhouette_dm1_vs_ctrl": 0.062436832642769106,
  "cln_frac_controls_outside_dm1_95ellipse": 0.0,
  "align_centroid_dist_box3_to_box12dm1": 0.11853379144429993,
  "align_mahalanobis_centroid_box3_to_box12dm1": 0.8127694759527816,
  "align_mahalanobis_mean_box3_to_box12dm1": 1.1502121381973516,
  "align_mahalanobis_median_box3_to_box12dm1": 1.188332228795496,
  "align_mahalanobis_max_box3_to_box12dm1": 1.8270733915522148,
  "align_frac_box3_inside_dm1_95ellipse": 1.0,
  "align_frac_box3_inside_dm1_hull": 0.98989898989899,
  "align_mean_nn_dist_box3_to_box12dm1": 0.007782879124542679,
  "align_frac_box12dm1_inside_own_95ellipse": 0.9560723514211886
}