{
  "run_name": "RAW FULL_SPECTRUM PATIENT_AVG",
  "concept": "WEIGHTS__BOX12_DM1_ONLY",
  "preprocessing": "RAW",
  "spectrum_mode": "FULL_SPECTRUM",
  "spectral_window": "FULL_SPECTRUM",
  "plot_type": "PATIENT_AVG",
  "question_id": "Q6",
  "primary_question_id": "Q2",
  "related_questions": "Q2, Q5, Q6",
  "pc1_var": 0.9782941917396256,
  "pc2_var": 0.010340797057345974,
  "n_box12_dm1": 43,
  "n_box3_dm1": 11,
  "n_controls": 6,
  "rho_pc1": -0.5677930940710706,
  "rho_pc2": -0.10481404635864422,
  "grad_score": 0.5677930940710706,
  "cv_r2_pc12_to_si": 0.3835801657343254,
  "centroid_dist_box3_to_box12dm1": 46267.135451455346,
  "mahalanobis_centroid_box3_to_box12dm1": 0.8045699889908037,
  "mahalanobis_mean_box3_to_box12dm1": 1.179813883377054,
  "mahalanobis_median_box3_to_box12dm1": 0.8814801559923869,
  "mahalanobis_max_box3_to_box12dm1": 2.588124597356677,
  "frac_box3_inside_dm1_95ellipse": 0.9090909090909091,
  "frac_box3_inside_dm1_hull": 0.9090909090909091,
  "mean_nn_dist_box3_to_box12dm1": 6844.761783582984,
  "frac_box12dm1_inside_own_95ellipse": 0.9534883720930233,
  "hol_bhattacharyya_dm1_vs_ctrl": 0.7408349020357348,
  "hol_fisher_separation_dm1_vs_ctrl": 3.3109877955789293,
  "hol_centroid_dist_dm1_vs_ctrl": 133062.0722304934,
  "hol_silhouette_dm1_vs_ctrl": 0.2935385676991308,
  "hol_frac_controls_outside_dm1_95ellipse": 0.6666666666666667,
  "cln_bhattacharyya_dm1_vs_ctrl": 0.7408349020357348,
  "cln_fisher_separation_dm1_vs_ctrl": 3.3109877955789293,
  "cln_centroid_dist_dm1_vs_ctrl": 142472.52663066302,
  "cln_silhouette_dm1_vs_ctrl": 0.3219309357409473,
  "cln_frac_controls_outside_dm1_95ellipse": 0.6666666666666667,
  "align_centroid_dist_box3_to_box12dm1": 46267.135451455346,
  "align_mahalanobis_centroid_box3_to_box12dm1": 0.8045699889908037,
  "align_mahalanobis_mean_box3_to_box12dm1": 1.179813883377054,
  "align_mahalanobis_median_box3_to_box12dm1": 0.8814801559923869,
  "align_mahalanobis_max_box3_to_box12dm1": 2.588124597356677,
  "align_frac_box3_inside_dm1_95ellipse": 0.9090909090909091,
  "align_frac_box3_inside_dm1_hull": 0.9090909090909091,
  "align_mean_nn_dist_box3_to_box12dm1": 6844.761783582984,
  "align_frac_box12dm1_inside_own_95ellipse": 0.9534883720930233
}