{
  "run_name": "EMSC TRIM_500_3100 PATIENT_AVG",
  "concept": "WEIGHTS__BOX12_ALL",
  "preprocessing": "EMSC",
  "spectrum_mode": "TRIM_500_3100",
  "spectral_window": "TRIM_500_3100",
  "plot_type": "PATIENT_AVG",
  "question_id": "Q4",
  "primary_question_id": "Q3A",
  "related_questions": "Q3A, Q3B, Q4",
  "pc1_var": 0.6105079981896061,
  "pc2_var": 0.33150796435259977,
  "n_box12_dm1": 43,
  "n_box3_dm1": 11,
  "n_controls": 6,
  "rho_pc1": -0.4085331345823236,
  "rho_pc2": -0.6509344953973438,
  "grad_score": 0.6509344953973438,
  "cv_r2_pc12_to_si": 0.4144222823184762,
  "centroid_dist_box3_to_box12dm1": 6558.039738449181,
  "mahalanobis_centroid_box3_to_box12dm1": 0.7398225696874946,
  "mahalanobis_mean_box3_to_box12dm1": 1.3094011394462675,
  "mahalanobis_median_box3_to_box12dm1": 1.4285059496970898,
  "mahalanobis_max_box3_to_box12dm1": 2.280059093154975,
  "frac_box3_inside_dm1_95ellipse": 1.0,
  "frac_box3_inside_dm1_hull": 0.8181818181818182,
  "mean_nn_dist_box3_to_box12dm1": 2492.3558056329025,
  "frac_box12dm1_inside_own_95ellipse": 0.9767441860465116,
  "hol_bhattacharyya_dm1_vs_ctrl": 0.9382398631305293,
  "hol_fisher_separation_dm1_vs_ctrl": 3.9689423889923603,
  "hol_centroid_dist_dm1_vs_ctrl": 22340.70679375888,
  "hol_silhouette_dm1_vs_ctrl": 0.42544151537123376,
  "hol_frac_controls_outside_dm1_95ellipse": 0.6666666666666667,
  "cln_bhattacharyya_dm1_vs_ctrl": 0.9382398631305293,
  "cln_fisher_separation_dm1_vs_ctrl": 3.9689423889923603,
  "cln_centroid_dist_dm1_vs_ctrl": 23021.626711489353,
  "cln_silhouette_dm1_vs_ctrl": 0.4461029551742499,
  "cln_frac_controls_outside_dm1_95ellipse": 0.6666666666666667,
  "align_centroid_dist_box3_to_box12dm1": 6558.039738449181,
  "align_mahalanobis_centroid_box3_to_box12dm1": 0.7398225696874946,
  "align_mahalanobis_mean_box3_to_box12dm1": 1.3094011394462675,
  "align_mahalanobis_median_box3_to_box12dm1": 1.4285059496970898,
  "align_mahalanobis_max_box3_to_box12dm1": 2.280059093154975,
  "align_frac_box3_inside_dm1_95ellipse": 1.0,
  "align_frac_box3_inside_dm1_hull": 0.8181818181818182,
  "align_mean_nn_dist_box3_to_box12dm1": 2492.3558056329025,
  "align_frac_box12dm1_inside_own_95ellipse": 0.9767441860465116
}